智崴,	5263
日期,成交股數,開盤價,最高價,最低價,收盤價,漲跌價差,成交筆數,成交金額
104/01/05,728761,445.00,448.00,428.00,428.00,-14.00,603,317031208
104/01/06,560320,425.00,425.00,415.00,419.00,-9.00,510,235278918
104/01/07,315046,419.50,423.50,413.00,417.00,-2.00,313,131799111
104/01/08,455723,421.00,429.00,418.00,420.00,+3.00,433,192681383
104/01/09,421069,424.00,425.00,411.50,412.50,-7.50,406,175220428
104/01/12,622737,402.00,409.00,396.00,397.00,-15.50,564,249476326
104/01/13,234958,397.00,408.00,397.00,401.00,+4.00,222,94745658
104/01/14,288425,403.00,405.00,399.50,400.00,-1.00,248,115857500
104/01/15,349757,404.00,404.00,390.00,390.00,-10.00,276,137978501
104/01/16,519484,390.00,394.00,382.00,385.00,-5.00,407,200262000
104/01/19,919885,388.00,392.00,360.00,366.50,-18.50,813,343865720
104/01/20,350895,369.50,377.00,368.00,374.50,+8.00,337,130855125
104/01/21,350403,377.00,385.00,377.00,384.50,+10.00,349,134083752
104/01/22,695705,390.00,405.00,387.50,397.50,+13.00,614,275221180
104/01/23,335744,405.00,405.00,395.00,395.00,-2.50,323,134155868
104/01/26,375475,398.00,401.00,396.00,396.00,+1.00,331,149485150
104/01/27,480570,398.00,400.00,384.00,389.50,-6.50,426,186847800
104/01/28,185475,388.00,397.00,388.00,391.00,+1.50,194,72916725
104/01/29,226200,394.00,394.00,385.00,385.50,-5.50,222,87523200
104/01/30,102605,385.00,389.00,385.00,385.00,-0.50,107,39667146
104/02/02,232779,385.00,390.00,376.00,378.00,-7.00,227,88476799
104/02/03,77211,384.50,385.00,378.50,379.00,+1.00,77,29398189
104/02/04,175871,379.00,385.00,378.50,385.00,+6.00,183,67194335
104/02/05,78561,385.00,386.00,381.00,383.00,-2.00,84,30161985
104/02/06,82697,383.00,385.50,380.50,380.50,-2.50,84,31636102
104/02/09,76463,380.00,380.00,375.50,378.00,-2.50,83,28921440
104/02/10,107638,378.00,384.00,378.00,378.00,0.00,106,40899258
104/02/11,157145,378.00,379.50,371.00,371.00,-7.00,178,58795795
104/02/12,173177,374.00,374.00,361.50,365.00,-6.00,172,63384782
104/02/13,153815,369.50,382.00,366.00,374.00,+9.00,165,57818680
104/02/24,171230,378.00,385.00,377.00,384.50,+10.50,160,65416973
104/02/25,152228,384.50,387.00,383.00,384.50,0.00,136,58643709
104/02/26,335898,384.50,396.50,384.00,395.00,+10.50,317,131925312
104/03/02,226294,399.50,399.50,394.00,398.50,+3.50,209,89723512
104/03/03,180578,400.00,400.00,387.00,389.00,-9.50,180,70863920
104/03/04,132649,390.00,392.00,387.00,391.50,+2.50,124,51815610
104/03/05,74270,389.00,394.00,389.00,391.00,-0.50,80,29046800
104/03/06,95700,391.00,392.50,390.50,391.00,0.00,101,37434200
104/03/09,98131,392.00,394.50,390.00,392.00,+1.00,91,38475721
104/03/10,78110,398.00,398.00,386.50,386.50,-5.50,88,30414512
104/03/11,108690,381.00,384.00,375.00,381.00,-5.50,120,41455700
104/03/12,71646,383.00,387.00,382.00,382.00,+1.00,76,27508272
104/03/13,83587,382.50,385.00,379.00,379.00,-3.00,91,31885973
104/03/16,248681,379.00,393.00,379.00,389.50,+10.50,239,96947728
104/03/17,141504,393.00,393.00,382.00,383.00,-6.50,133,54815540
104/03/18,113376,385.00,391.00,383.50,384.50,+1.50,105,43824570
104/03/19,117300,384.50,388.50,383.50,384.00,-0.50,112,45146800
104/03/20,146505,384.00,386.00,381.00,385.00,+1.00,137,56216925
104/03/23,460975,391.00,400.00,390.00,390.00,+5.00,415,181939250
104/03/24,203620,393.00,395.00,386.00,394.00,+4.00,214,79598780
104/03/25,149497,396.00,398.00,391.00,391.00,-3.00,159,58829827
104/03/26,183963,392.00,396.00,386.50,386.50,-4.50,165,71786662
104/03/27,169426,386.00,389.00,380.00,384.50,-2.00,150,65082297
104/03/30,115625,381.00,384.50,377.00,377.00,-7.50,119,43904060
104/03/31,187185,378.00,382.50,368.50,374.50,-2.50,196,69953190
104/04/01,246718,371.50,387.50,370.00,387.50,+13.00,222,93940787
104/04/02,133096,386.00,392.00,384.00,384.50,-3.00,133,51513672
104/04/07,50739,384.50,386.00,381.50,382.50,-2.00,67,19435923
104/04/08,86632,382.50,385.00,378.00,381.00,-1.50,83,32998028
104/04/09,164664,386.50,389.50,383.00,383.50,+2.50,157,63620648
104/04/10,125754,383.50,387.50,379.00,385.50,+2.00,137,48236164
104/04/13,1432688,390.00,412.00,390.00,407.00,+21.50,1061,582113640
104/04/14,309594,402.00,405.50,400.50,401.00,-6.00,290,124632100
104/04/15,572970,405.00,414.00,404.50,404.50,+3.50,511,234479880
104/04/16,370600,405.00,411.50,399.00,404.50,0.00,325,150718099
104/04/17,220515,405.00,408.00,401.50,402.00,-2.50,203,89207272
104/04/20,476678,402.00,402.00,387.00,390.00,-12.00,386,187595920
104/04/21,283579,394.50,394.50,383.50,384.50,-5.50,256,109732123
104/04/22,177781,388.00,394.50,386.50,394.50,+10.00,165,69682541
104/04/23,363346,398.00,404.50,397.00,402.50,+8.00,319,145847070
104/04/24,779772,408.00,413.00,391.00,391.00,-11.50,629,312721549
104/04/27,281216,397.00,397.00,386.00,388.00,-3.00,260,109704740
104/04/28,123676,391.00,393.00,385.50,387.50,-0.50,128,48054949
104/04/29,98223,391.00,392.00,387.50,390.00,+2.50,106,38237970
104/04/30,62230,390.50,391.00,388.50,389.50,-0.50,64,24250700
104/05/04,96370,390.00,392.00,387.50,387.50,-2.00,96,37471874
104/05/05,100488,387.50,390.00,383.50,384.00,-3.50,104,38733892
104/05/06,86711,384.00,386.50,382.00,383.00,-1.00,93,33211313
104/05/07,96655,383.00,383.00,378.50,378.50,-4.50,101,36772914
104/05/08,115583,379.00,385.00,373.00,375.00,-3.50,117,43696333
104/05/11,141727,377.00,380.00,369.50,370.00,-5.00,132,52641671
104/05/12,157746,370.00,371.00,362.50,366.00,-4.00,156,57581028
104/05/13,119100,369.00,374.50,365.50,368.50,+2.50,117,44095000
104/05/14,55621,369.00,372.00,367.00,370.00,+1.50,67,20529149
104/05/15,43747,374.00,374.00,367.00,367.00,-3.00,51,16130408
104/05/18,202427,364.00,364.50,351.00,363.00,-4.00,186,72780720
104/05/19,77418,363.00,369.00,360.00,366.00,+3.00,91,28282152
104/05/20,144639,367.00,374.50,365.50,370.50,+4.50,138,53618610
104/05/21,334646,374.00,394.00,365.00,384.00,+13.50,308,128006772
104/05/22,119621,384.00,389.50,379.00,379.00,-5.00,118,45914738
104/05/25,44379,383.00,383.00,379.00,380.00,+1.00,54,16913020
104/05/26,30256,380.50,385.00,380.50,381.00,+1.00,36,11554280
104/05/27,106842,377.00,381.00,370.00,371.00,-10.00,114,39982382
104/05/28,179227,375.00,383.00,371.50,374.50,+3.50,167,67783898
104/05/29,69718,379.00,379.00,373.50,373.50,-1.00,63,26080878
104/06/01,280555,370.00,399.00,368.50,388.00,+14.50,251,107655230
104/06/02,300625,390.00,391.00,365.00,380.50,-7.50,273,113622250
104/06/03,110988,380.50,382.50,373.50,378.00,-2.50,112,41902988
104/06/04,230308,378.00,380.00,360.00,363.00,-15.00,187,84209728
104/06/05,72070,363.00,368.00,362.50,365.00,+2.00,85,26254480
104/06/08,66856,367.00,370.00,365.00,367.00,+2.00,77,24533440
104/06/09,167886,367.00,368.50,362.00,364.50,-2.50,128,61217059
104/06/10,93251,368.00,371.00,363.00,367.50,+3.00,90,34144740
104/06/11,95052,375.00,375.00,364.50,365.00,-2.50,87,34857324
104/06/12,24510,365.00,368.00,365.00,366.00,+1.00,22,8976140
104/06/15,96502,366.00,373.00,365.50,368.00,+2.00,90,35659736
104/06/16,46692,368.00,368.00,364.50,364.50,-3.50,52,17094696
104/06/17,59313,365.00,367.00,363.50,366.00,+1.50,53,21653245
104/06/18,246190,365.00,377.50,365.00,370.00,+4.00,232,91959300
104/06/22,299640,372.00,381.00,371.50,375.00,+5.00,281,112723500
104/06/23,402843,349.00,349.00,338.00,340.00,,369,138330120
104/06/24,210180,346.00,352.00,341.50,342.00,+2.00,202,72773600
104/06/25,182357,345.00,360.00,340.50,350.50,+8.50,165,64061664
104/06/26,202345,350.50,357.00,343.00,343.00,-7.50,179,70491370
104/06/29,129649,340.00,346.00,336.50,336.50,-6.50,121,43995266
104/06/30,123783,336.50,337.00,330.50,332.00,-4.50,125,41298805
104/07/01,62929,335.00,336.50,332.50,335.00,+3.00,71,21023357
104/07/02,60621,336.00,336.00,333.00,334.00,-1.00,65,20279293
104/07/03,306130,337.00,348.50,337.00,339.00,+5.00,289,104790570
104/07/06,235025,334.00,336.00,323.00,323.00,-16.00,227,77372075
104/07/07,113190,325.00,330.00,320.00,321.00,-2.00,106,36613610
104/07/08,725205,321.00,325.00,289.00,289.00,-32.00,524,220696950
104/07/09,473169,280.50,280.50,260.50,270.00,-19.00,435,128499299
104/07/13,479511,275.00,285.00,253.00,253.00,-17.00,460,126306531
104/07/14,278386,255.50,265.00,255.00,260.00,+7.00,238,72163281
104/07/15,375685,268.50,268.50,241.00,244.00,-16.00,332,94207695
104/07/16,519357,226.00,231.00,220.00,224.00,-20.00,446,116841325
104/07/17,363666,233.50,246.00,233.50,246.00,+22.00,283,88646336
104/07/20,232765,254.00,254.00,238.00,244.00,-2.00,196,57106160
104/07/21,84241,240.50,244.00,239.00,242.00,-2.00,73,20404322
104/07/22,115403,257.00,257.00,249.00,250.00,+8.00,115,29059198
104/07/23,117202,252.00,252.00,246.00,251.00,+1.00,110,29293397
104/07/24,227034,251.00,271.00,251.00,271.00,+20.00,214,60206146
104/07/27,161666,271.00,271.00,260.00,265.00,-6.00,150,42995660
104/07/28,163820,264.50,270.00,264.50,269.00,+4.00,125,43993080
104/07/29,153396,274.00,280.00,272.00,280.00,+11.00,148,42391380
104/07/30,208792,280.00,285.00,276.50,281.50,+1.50,190,58649260
104/07/31,161333,280.50,280.50,265.00,267.50,-14.00,160,43937908
104/08/03,157827,267.50,276.00,255.50,255.50,-12.00,142,41454558
104/08/04,179061,260.50,265.00,249.50,254.50,-1.00,127,46335372
104/08/05,105937,259.00,261.00,253.00,258.00,+3.50,118,27297327
104/08/06,450437,258.00,283.00,258.00,275.50,+17.50,333,123865238
104/08/07,78132,268.50,276.00,268.00,272.00,-3.50,100,21294640
104/08/10,110737,269.00,274.50,266.00,273.00,+1.00,129,29911591
104/08/11,141751,271.00,276.00,270.00,274.00,+1.00,141,38712772
104/08/12,52611,272.50,275.50,270.00,274.00,0.00,58,14342192
104/08/13,79415,272.00,272.00,266.50,266.50,-7.50,93,21341390
104/08/14,88272,266.50,267.00,260.50,263.50,-3.00,97,23213170
104/08/17,90924,270.00,272.00,260.00,262.50,-1.00,92,23953240
104/08/18,68965,265.50,266.00,254.50,261.00,-1.50,86,17853435
104/08/19,78550,258.00,261.50,251.50,252.50,-8.50,83,20033600
104/08/20,70363,248.00,255.00,246.00,251.00,-1.50,78,17570113
104/08/21,118238,246.00,246.00,228.00,235.00,-16.00,125,27964978
104/08/24,205317,221.00,221.00,211.50,211.50,-23.50,166,43664045
104/08/25,115291,201.00,213.50,199.00,210.50,-1.00,129,23846319
104/08/26,300195,210.50,222.50,201.50,218.50,+8.00,266,63671315
104/08/27,242151,219.50,232.50,219.50,232.50,+14.00,215,55073881
104/08/28,170875,240.00,247.50,235.00,246.00,+13.50,135,41183933
104/08/31,131301,250.00,253.50,245.00,249.50,+3.50,96,32929847
104/09/01,265535,250.00,274.00,250.00,261.00,+11.50,189,70878329
104/09/02,153936,260.00,266.00,251.00,262.00,+1.00,142,40070821
104/09/03,76013,262.00,263.00,256.00,256.00,-6.00,76,19692828
104/09/04,94209,256.50,262.50,248.00,251.00,-5.00,101,24036541
104/09/07,48854,250.00,257.00,250.00,251.50,+0.50,58,12357854
104/09/08,58236,251.50,256.00,250.50,250.50,-1.00,67,14758117
104/09/09,471741,257.00,275.50,257.00,275.00,+24.50,408,126906153
104/09/10,654973,274.50,298.00,274.00,278.00,+3.00,574,185828521
104/09/11,390383,282.00,285.00,265.00,266.00,-12.00,356,106766333
104/09/14,148840,268.00,273.00,266.00,273.00,+7.00,161,40172980
104/09/15,161494,275.00,283.00,270.00,276.00,+3.00,168,44928344
104/09/16,97643,280.00,282.50,277.00,278.00,+2.00,107,27353254
104/09/17,60288,283.50,285.00,276.00,277.50,-0.50,69,16851916
104/09/18,109278,276.00,284.00,276.00,282.00,+4.50,106,30747477
104/09/21,440392,282.00,299.50,282.00,296.00,+14.00,430,129771532
104/09/22,309284,298.00,305.00,294.00,294.00,-2.00,289,92593280
104/09/23,236716,293.50,294.00,281.00,290.00,-4.00,233,67801640
104/09/24,314960,290.00,292.00,275.00,275.00,-15.00,281,88011840
104/09/25,62258,282.00,282.00,277.50,281.00,+6.00,80,17432998
104/09/30,66556,283.00,283.00,277.00,277.00,-4.00,72,18514512
104/10/01,104405,281.00,288.00,281.00,283.50,+6.50,97,29787115
104/10/02,203261,287.00,297.00,286.50,288.00,+4.50,193,59430535
104/10/05,202268,291.00,299.00,291.00,293.50,+5.50,176,59732756
104/10/06,172653,295.00,303.00,293.50,293.50,0.00,170,51405155
104/10/07,156773,297.50,302.00,293.50,302.00,+8.50,150,46675900
104/10/08,267190,307.00,312.50,298.00,303.00,+1.00,269,81481070
104/10/12,207993,299.00,299.00,285.00,295.00,-8.00,207,60263449
104/10/13,116030,294.00,294.00,286.00,288.50,-6.50,114,33553110
104/10/14,81593,290.00,291.00,286.00,290.00,+1.50,83,23529171
104/10/15,54754,287.00,295.00,287.00,291.00,+1.00,58,15948160
104/10/16,60528,294.00,296.00,291.50,293.00,+2.00,67,17713204
104/10/19,15317,288.00,290.00,288.00,289.50,-3.50,21,4427613
104/10/20,74427,288.00,288.00,281.00,284.50,-5.00,82,21185980
104/10/21,60313,286.00,288.50,284.50,286.00,+1.50,60,17251548
104/10/22,56584,287.00,290.00,286.00,286.00,0.00,51,16247646
104/10/23,86225,287.00,289.50,285.00,285.00,-1.00,82,24689625
104/10/26,508987,287.00,304.50,285.00,291.50,+6.50,409,151052704
104/10/27,181351,293.00,296.50,286.50,286.50,-5.00,160,52728237
104/10/28,148895,289.50,290.00,284.00,284.00,-2.50,112,42542180
104/10/29,73041,284.50,285.50,281.50,281.50,-2.50,75,20673562
104/10/30,184801,282.00,283.00,270.00,279.00,-2.50,154,50857878
104/11/02,113253,286.00,288.50,281.50,282.00,+3.00,116,32217471
104/11/03,59619,285.00,287.00,283.00,283.00,+1.00,64,16978177
104/11/04,112339,287.00,291.00,286.00,287.00,+4.00,108,32258293
104/11/05,87154,288.00,290.50,284.50,284.50,-2.50,74,24974390
104/11/06,89814,285.00,285.00,280.50,281.50,-3.00,81,25372234
104/11/09,318023,281.50,291.50,272.00,284.00,+2.50,249,89725996
104/11/10,73505,283.00,289.00,281.00,282.50,-1.50,75,20921910
104/11/11,72099,284.00,284.00,275.00,279.50,-3.00,74,20104971
104/11/12,75697,279.50,279.50,271.50,275.00,-4.50,74,20862675
104/11/13,108339,271.00,275.00,270.50,271.50,-3.50,91,29430877
104/11/16,57454,269.00,275.00,269.00,275.00,+3.50,47,15596168
104/11/17,114723,275.00,281.00,272.00,272.00,-3.00,101,31742710
104/11/18,71104,272.00,274.50,269.50,270.00,-2.00,74,19257920
104/11/19,61967,270.50,274.50,269.50,270.00,0.00,71,16793590
104/11/20,52167,268.00,273.00,267.50,270.00,0.00,49,14082338
104/11/23,42939,271,271,267,267,-3,47,11534181
104/11/24,158220,269.00,279.00,269.00,270.00,+3.00,143,43261568
104/11/25,96991,271.00,275.00,266.00,275.00,+5.00,96,26245061
104/11/26,1051305,278.00,302.50,278.00,297.00,+22.00,742,312157927
104/11/27,1688056,302.00,326.50,301.00,326.50,+29.50,1404,537955773
104/11/30,1772796,333.00,347.00,331.00,336.00,+9.50,1650,601660251
104/12/01,1074624,340.00,353.00,335.00,337.00,+1.00,1019,369817040
104/12/02,1258692,342.50,362.00,336.50,357.00,+20.00,1213,440903044
104/12/03,693068,355.00,360.00,341.00,344.50,-12.50,660,244788922
104/12/04,233659,336.50,340.00,336.00,337.00,-7.50,240,78855583
104/12/07,551874,343.00,363.50,340.50,358.50,+21.50,536,195582322
104/12/08,383650,358.50,358.50,344.50,346.50,-12.00,355,134123721
104/12/09,487844,350.00,352.00,312.00,326.50,-20.00,431,161675220
104/12/10,301265,326.50,336.00,315.00,334.00,+7.50,275,98991510
104/12/11,244306,334.00,334.00,315.00,320.00,-14.00,225,79271226
104/12/14,243545,315.00,334.00,314.00,326.50,+6.50,243,79602440
104/12/15,324019,331.00,346.50,331.00,345.00,+18.50,327,110843523
104/12/16,266730,353.00,353.00,341.00,345.50,+0.50,255,92730712
104/12/17,333344,348.50,353.50,342.50,350.00,+4.50,317,116692400
104/12/18,1375724,355.00,383.00,350.50,352.50,+2.50,1272,506260702
104/12/21,570160,352.50,361.50,346.00,353.50,+1.00,550,201669056
104/12/22,671698,355.50,368.00,355.50,358.00,+4.50,633,242864186
104/12/23,576637,361.00,361.50,341.50,342.00,-16.00,541,201419265
104/12/24,370361,350.00,354.50,341.00,344.00,+2.00,357,128611684
104/12/25,162572,346.00,350.00,344.50,347.50,+3.50,164,56314269
104/12/28,402147,347.50,349.00,329.00,335.50,-12.00,339,134741186
104/12/29,227679,336.00,343.00,334.00,340.00,+4.50,229,77166360
104/12/30,162336,344.00,344.00,334.00,338.50,-1.50,163,54877396
104/12/31,139386,338.50,342.00,335.50,342.00,+3.50,130,47239012
105/01/04,126394,343.00,343.00,330.50,330.50,-11.50,123,42202914
105/01/05,300519,320.00,327.50,316.00,316.00,-14.50,275,96407279
105/01/06,268608,318.00,320.00,307.00,312.00,-4.00,238,83836606
105/01/07,411575,310.50,316.00,290.00,290.50,-21.50,393,123180825
105/01/08,248250,289.00,307.00,289.00,306.00,+15.50,250,74303500
105/01/11,196033,298.00,301.00,292.00,294.00,-12.00,194,58071169
105/01/12,268910,298.00,298.00,278.00,279.00,-15.00,259,76932890
105/01/13,111197,287.00,288.50,280.00,285.00,+6.00,112,31539645
105/01/14,271753,271.00,274.00,262.00,270.00,-15.00,236,72922069
105/01/15,164373,273.50,279.00,270.00,272.50,+2.50,152,45007202
105/01/18,145197,266.50,285.00,266.50,282.00,+9.50,142,40348751
105/01/19,222116,282.00,294.50,279.00,286.00,+4.00,223,63954908
105/01/20,227151,285.00,286.50,270.00,270.00,-16.00,198,62560723
105/01/21,179615,272.00,276.00,268.00,271.00,+1.00,173,48887050
105/01/22,145426,273.00,275.00,267.00,267.00,-4.00,143,39242455
105/01/25,204180,271.00,282.00,271.00,271.00,+4.00,200,56257640
105/01/26,104296,270.00,274.50,270.00,272.00,+1.00,107,28455659
105/01/27,72315,273.00,273.00,268.00,268.00,-4.00,68,19530480
105/01/28,90025,271.50,273.00,268.00,268.00,0.00,91,24471300
105/01/29,109392,271.00,273.00,269.50,273.00,+5.00,108,29776496
105/01/30,615637,281.00,294.00,278.00,289.00,+16.00,603,176355908
105/02/01,221223,289.00,292.00,282.50,283.00,-6.00,217,63419665
105/02/02,149433,283.00,287.00,281.50,281.50,-1.50,147,42300039
105/02/03,168898,284.00,286.00,278.00,279.00,-2.50,174,47501746
105/02/15,72011,272.50,280.00,272.00,277.00,-2.00,72,19987074
105/02/16,142096,283.50,286.00,277.00,277.00,0.00,133,39763284
105/02/17,118716,277.50,278.50,275.00,275.00,-2.00,108,32876973
105/02/18,150194,276.50,285.50,276.50,281.50,+6.50,149,42344820
105/02/19,564841,285.00,301.50,283.50,292.00,+10.50,538,166913231
105/02/22,312923,293.00,303.00,290.00,293.00,+1.00,307,92596439
105/02/23,208137,295.00,297.50,284.50,284.50,-8.50,204,60067319
105/02/24,199597,285.00,286.00,275.00,278.00,-6.50,191,55783160
105/02/25,122866,280.50,283.00,278.50,279.00,+1.00,122,34389614
105/02/26,83411,280.00,281.00,275.50,278.00,-1.00,86,23223669
105/03/01,166395,280.50,288.00,280.50,285.00,+7.00,167,47377575
105/03/02,219290,291.00,291.00,281.50,281.50,-3.50,206,62980634
105/03/03,190050,283.00,286.00,278.50,279.00,-2.50,159,53612075
105/03/04,501903,281.00,293.00,281.00,288.50,+9.50,474,144504661
105/03/07,568400,293.00,297.50,289.50,292.50,+4.00,524,166886498
105/03/08,200200,293.50,293.50,284.50,290.00,-2.50,193,57851600
105/03/09,204268,290.00,294.00,286.00,289.00,-1.00,197,59284184
105/03/10,264903,289.50,296.00,289.50,290.00,+1.00,257,77557126
105/03/11,875082,292.50,308.00,292.50,295.50,+5.50,827,263288436
105/03/14,323824,299.50,299.50,290.00,292.00,-3.50,302,94932284
105/03/15,195616,292.00,292.00,287.00,287.00,-5.00,194,56405792
105/03/16,271459,287.00,294.50,282.50,292.50,+5.50,251,78132755
105/03/17,761436,302.50,306.00,292.00,292.00,-0.50,652,228318312
105/03/18,253494,290.00,296.00,289.00,294.50,+2.50,206,73929242
105/03/21,97413,294.50,294.50,288.00,289.00,-5.50,99,28245770
105/03/22,169483,290.00,292.00,285.00,288.50,-0.50,147,48943844
105/03/23,126717,288.50,290.00,283.50,283.50,-5.00,126,36368194
105/03/24,219724,281.00,285.50,277.50,285.50,+2.00,219,61872116
105/03/25,106973,285.50,287.50,280.50,282.00,-3.50,100,30341940
105/03/28,191636,282.00,284.50,276.00,278.00,-4.00,152,53796308
105/03/29,252732,280.00,280.00,269.00,276.00,-2.00,194,69248532
105/03/30,130682,279.00,279.00,276.00,278.50,+2.50,121,36305414
105/03/31,95100,278.50,279.00,276.00,279.00,+0.50,85,26419400
105/04/01,93065,277.50,281.50,275.00,280.50,+1.50,95,25919231
105/04/06,37814,280.00,281.00,278.00,280.00,-0.50,41,10564106
105/04/07,58495,283.00,283.00,275.00,279.00,-1.00,60,16311615
105/04/08,75268,279.50,282.00,276.00,278.50,-0.50,65,21012136
105/04/11,78303,280.00,280.00,273.50,275.50,-3.00,85,21567522
105/04/12,105546,275.50,277.50,272.00,274.00,-1.50,98,28955604
105/04/13,95414,274.50,277.00,271.00,272.00,-2.00,88,26072780
105/04/14,111190,273.00,274.00,270.00,271.50,-0.50,100,30193083
105/04/15,52175,271.50,273.00,270.50,272.00,+0.50,48,14167925
105/04/18,50107,273.00,277.00,273.00,273.50,+1.50,50,13778604
105/04/19,31249,273.50,274.50,271.50,273.00,-0.50,32,8521228
105/04/20,97084,276.00,276.00,269.00,272.50,-0.50,82,26419680
105/04/21,13097,272.50,273.50,270.50,272.50,0.00,16,3557787
105/04/22,53294,272.50,272.50,269.50,272.00,-0.50,54,14423380
105/04/25,24499,272.00,272.50,269.00,271.00,-1.00,26,6633231
105/04/26,10266,270.00,271.00,269.00,270.00,-1.00,20,2768288
105/04/27,37000,270.00,270.00,267.00,270.00,0.00,36,9948000
105/04/28,32025,270.00,272.00,268.00,272.00,+2.00,32,8651750
105/04/29,31487,272.00,272.00,267.50,270.50,-1.50,35,8476503
105/05/03,552368,267.50,267.50,243.50,243.50,-27.00,403,135658106
105/05/04,526369,242.00,248.00,221.00,248.00,+4.50,461,122592774
105/05/05,251566,241.00,255.00,236.00,250.00,+2.00,238,62256434
105/05/06,90250,250.00,250.00,242.00,249.50,-0.50,86,22267625
105/05/09,121394,251.50,254.00,236.50,240.50,-9.00,121,29406166
105/05/10,76288,237.00,237.50,231.50,235.00,-5.50,62,17943468
105/05/11,74256,238.50,238.50,229.00,231.00,-4.00,82,17261636
105/05/12,158789,228.50,231.00,221.00,223.00,-8.00,135,35630869
105/05/13,184475,221.50,221.50,207.00,217.00,-6.00,177,39531075
105/05/16,223097,213.00,220.50,202.50,218.00,+1.00,206,47431049
105/05/17,118348,221.00,223.50,213.00,219.00,+1.00,117,25901060
105/05/18,144020,216.50,224.00,211.00,221.00,+2.00,134,31471960
105/05/19,59200,223.50,223.50,217.00,221.00,0.00,62,13014600
105/05/20,125000,223.50,228.00,217.50,220.00,-1.00,123,27755500
105/05/23,272200,223.50,231.50,220.00,228.00,+8.00,253,62031900
105/05/24,140215,228.00,237.50,226.00,236.00,+8.00,133,32833346
105/05/25,138293,240.00,241.50,237.00,237.00,+1.00,124,33078148
105/05/26,37097,238.00,238.00,234.00,234.50,-2.50,39,8729601
105/05/27,134215,235.00,236.00,227.50,229.50,-5.00,123,30953342
105/05/30,79794,233.00,233.00,229.00,231.50,+2.00,81,18375120
105/05/31,152400,232.00,240.00,232.00,235.00,+3.50,148,35869800
105/06/01,77377,234.00,236.00,232.00,232.00,-3.00,81,18100964
105/06/02,144097,236.00,236.50,228.50,232.00,0.00,135,33351407
105/06/03,206918,231.00,238.00,228.50,238.00,+6.00,181,48729238
105/06/04,624998,258.00,261.00,251.00,251.00,+13.00,557,160141000
105/06/06,229260,255.00,255.00,246.00,247.50,-3.50,215,57251848
105/06/07,145511,247.50,249.00,240.50,241.00,-6.50,142,35611640
105/06/08,219194,240.50,245.00,237.50,237.50,-3.50,194,52652784
105/06/13,199500,222.00,227.00,221.00,225.00,-12.50,187,44715000
105/06/14,66360,228.00,228.00,221.50,224.00,-1.00,68,14833280
105/06/15,94403,226.00,226.00,220.00,225.00,+1.00,87,21097981
105/06/16,73697,222.50,225.00,222.00,222.50,-2.50,73,16447082
105/06/17,189486,225.00,234.00,224.50,228.50,+6.00,170,43487322
105/06/20,64218,228.50,230.00,223.50,224.50,-4.00,66,14515222
105/06/21,68111,224.50,228.50,224.00,227.00,+2.50,73,15366197
105/06/22,339562,243.00,243.00,232.00,232.00,+5.00,313,80676822
105/06/23,67389,233.00,237.00,231.50,233.50,+1.50,67,15761748
105/06/24,173318,233.50,235.00,221.50,224.00,-9.50,159,39335732
105/06/27,148279,226.00,233.00,225.50,230.00,+6.00,140,34007670
105/06/28,109097,226.50,233.00,225.00,229.00,-1.00,100,24924616
105/06/29,72387,229.50,230.50,227.50,229.00,0.00,66,16569736
105/06/30,95389,230.00,230.00,225.00,227.00,-2.00,85,21658914
105/07/01,89160,226.00,230.00,226.00,228.00,+1.00,66,20278320
105/07/04,58493,228.00,230.50,227.00,228.50,+0.50,55,13394911
105/07/05,57954,228.00,228.50,226.50,226.50,-2.00,55,13169080
105/07/06,69826,228.00,229.00,225.00,226.00,-0.50,66,15829524
105/07/07,93851,225.50,229.50,224.00,224.50,,82,21155773
105/07/11,182787,225.00,227.00,216.00,218.50,-6.00,164,40333456
105/07/12,83846,218.50,222.00,215.50,217.00,-1.50,82,18204082
105/07/13,82194,217.50,220.50,215.00,218.00,+1.00,77,17863195
105/07/14,200269,219.00,226.00,219.00,225.00,+7.00,151,44646987
105/07/15,186685,225.00,232.00,223.00,228.50,+3.50,139,42654495
105/07/18,197732,231.00,238.00,231.00,232.50,+4.00,188,46417092
105/07/19,65098,231.00,232.00,227.50,227.50,-5.00,62,14920844
105/07/20,95200,228.00,232.00,226.00,228.00,+0.50,89,21755600
105/07/21,492363,233.00,248.00,232.00,242.00,+14.00,420,118171983
105/07/22,234292,250.00,250.00,238.00,238.00,-4.00,225,57046704
105/07/25,99389,240.00,240.00,237.00,238.50,+0.50,84,23727193
105/07/26,68000,237.50,238.00,236.00,236.00,-2.50,67,16105000
105/07/27,141051,236.00,242.50,234.50,234.50,-1.50,124,33549934
105/07/28,228278,235.00,239.50,231.00,233.50,-1.00,218,53579413
105/07/29,124011,233.00,233.50,229.50,229.50,-4.00,98,28644035
105/08/01,38418,229.50,232.00,229.50,229.50,0.00,38,8848266
105/08/02,84200,228.00,228.50,225.50,226.00,-3.50,82,19075200
105/08/03,144000,226.00,229.00,222.00,226.50,+0.50,123,32419000
105/08/04,68766,228.00,229.50,224.50,224.50,-2.00,68,15597966
105/08/05,131992,224.00,226.00,221.00,222.50,-2.00,116,29422224
105/08/08,44596,224.00,225.00,222.00,222.50,0.00,42,9954706
105/08/09,55106,223.50,223.50,220.00,221.00,-1.50,54,12228584
105/08/10,76312,221.00,223.00,218.50,221.50,+0.50,76,16884605
105/08/11,338915,230.00,237.00,226.50,228.00,+6.50,320,78700074
105/08/12,109810,226.00,227.50,223.00,223.50,-4.50,110,24704652
105/08/15,49856,227.50,227.50,222.00,222.50,-1.00,50,11105603
105/08/16,83562,222.50,222.50,217.00,221.50,-1.00,80,18421702
105/08/17,149437,221.50,221.50,214.50,214.50,-7.00,109,32412455
105/08/18,112299,213.50,217.00,212.00,215.00,+0.50,92,24058785
105/08/19,81688,216.00,216.50,212.50,215.00,0.00,84,17508044
105/08/22,103389,214.00,214.00,209.00,210.00,-5.00,96,21705690
105/08/23,45000,210.00,214.00,210.00,212.00,+2.00,40,9553500
105/08/24,25097,215.50,215.50,210.50,211.00,-1.00,25,5322015
105/08/25,95020,210.50,215.00,209.00,211.50,+0.50,78,20117230
105/08/26,34353,213.00,214.00,210.50,211.50,0.00,34,7290983
105/08/29,32291,214.50,214.50,211.50,212.00,+0.50,35,6848192
105/08/30,135350,215.00,222.00,213.00,219.00,+7.00,126,29434800
105/08/31,73137,219.00,219.00,215.50,218.00,-1.00,67,15899366
105/09/01,77049,219.00,219.00,213.00,213.00,-5.00,77,16582388
105/09/02,91470,212.50,212.50,205.00,207.00,-6.00,95,19079820
105/09/05,23219,209.00,211.50,207.50,211.00,+4.00,25,4863709
105/09/06,171584,213.00,216.00,204.00,211.00,0.00,120,35877140
105/09/07,35692,212.00,213.00,209.00,210.00,-1.00,37,7521128
105/09/08,22219,211.00,211.00,209.50,209.50,-0.50,24,4668661
105/09/09,14102,213.00,213.00,210.00,210.00,+0.50,16,2975318
105/09/10,35241,209.00,209.00,204.50,209.00,-1.00,30,7254869
105/09/12,49414,209.00,209.00,204.50,205.00,-4.00,46,10152870
105/09/13,85207,206.50,206.50,199.00,202.00,-3.00,86,17198314
105/09/14,98000,202.00,206.00,198.00,203.00,+1.00,88,19795000
105/09/19,62655,203.50,204.50,202.50,202.50,-0.50,58,12753655
105/09/20,23223,202.00,202.50,200.50,202.50,0.00,28,4680046
105/09/21,38020,202.50,203.50,200.00,201.00,-1.50,45,7651000
105/09/22,104783,203.50,204.50,201.50,203.50,+2.50,60,21276166
105/09/23,57590,205.00,205.00,200.50,200.50,-3.00,55,11648910
105/09/26,55365,203.00,205.00,201.00,203.00,+2.50,49,11241230
105/09/29,55487,205.00,205.00,201.00,203.00,0.00,48,11257874
105/09/30,312586,208.00,213.00,206.00,208.50,+5.50,273,65522766
105/10/03,62047,212.00,212.00,207.00,210.00,+1.50,63,13005870
105/10/04,69143,209.00,212.00,209.00,210.00,0.00,66,14565030
105/10/05,35633,210.00,211.50,208.00,211.50,+1.50,37,7487930
105/10/06,46100,212.00,212.50,210.00,212.00,+0.50,46,9731200
105/10/07,68750,212.00,213.00,211.00,213.00,+1.00,63,14579500
105/10/11,141530,213.00,216.00,210.00,215.00,+2.00,120,30283950
105/10/12,58606,215.00,215.00,212.00,215.00,0.00,59,12528290
105/10/13,68010,215.00,215.50,213.00,214.00,-1.00,52,14579640
105/10/14,67905,212.50,214.50,209.50,214.50,+0.50,63,14429765
105/10/17,19486,214.00,214.00,212.50,213.00,-1.50,20,4150532
105/10/18,30253,214.00,214.00,211.00,212.50,-0.50,30,6442383
105/10/19,87794,214.50,214.50,210.50,211.50,-1.00,80,18648240
105/10/20,60239,213.00,214.50,212.50,214.50,+3.00,50,12884265
105/10/21,48387,215.00,215.00,213.00,214.50,0.00,40,10352011
105/10/24,102176,215.50,218.00,213.50,216.50,+2.00,77,22038692
105/10/25,29001,216.50,217.00,214.50,215.00,-1.50,27,6251715
105/10/26,83096,215.50,218.00,215.50,215.50,+0.50,64,17989544
105/10/27,67182,216.00,218.00,216.00,218.00,+2.50,52,14605402
105/10/28,50052,219.00,219.00,217.00,217.50,-0.50,40,10899784
105/10/31,25351,219.00,219.00,216.00,218.00,+0.50,29,5520389
105/11/01,64307,219.00,219.00,215.00,215.00,-3.00,44,13976526
105/11/02,113083,215.50,215.50,206.00,209.00,-6.00,81,24004628
105/11/03,47632,209.00,209.00,202.50,205.00,-4.00,50,9746243
105/11/04,13000,204.00,206.00,204.00,205.50,+0.50,13,2669000
105/11/07,40097,206.00,208.00,205.00,206.50,+1.00,36,8265885
105/11/08,15000,209.50,209.50,204.00,207.00,+0.50,15,3091000
105/11/09,132403,206.50,208.50,190.00,200.00,-7.00,124,26339100
105/11/10,31539,204.50,206.50,203.00,205.50,+5.50,32,6465956
105/11/11,241447,203.00,203.00,188.50,195.00,-10.50,181,46733165
105/11/14,640047,189.00,189.00,175.50,176.00,-19.00,502,113790841
105/11/15,264943,175.00,180.00,167.00,178.50,+2.50,251,46776824
105/11/16,170337,178.50,180.00,175.50,178.50,0.00,133,30317316
105/11/17,80150,181.00,181.00,176.50,178.50,0.00,56,14256774
105/11/18,88500,178.00,179.50,176.00,179.50,+1.00,64,15723249
105/11/21,52336,179.50,179.50,175.50,177.00,-2.50,53,9265636
105/11/22,102243,176.50,179.50,174.00,174.00,-3.00,98,18037025
105/11/23,457109,174.00,174.00,164.50,171.00,-3.00,308,77187472
105/11/24,197227,170.00,179.50,170.00,177.00,+6.00,163,34559952
105/11/25,170887,177.00,185.00,173.00,178.00,+1.00,144,30268499
105/11/28,55467,175.50,182.50,175.50,179.50,+1.50,52,9939326
105/11/29,64226,180.00,180.50,177.50,179.50,0.00,48,11498567
105/11/30,87394,178.00,182.50,176.50,182.50,+3.00,72,15717314
105/12/01,108221,182.50,182.50,179.00,180.00,-2.50,91,19493611
105/12/02,39343,178.00,179.50,176.50,179.50,-0.50,36,7008740
105/12/05,22000,179.50,179.50,177.50,179.50,0.00,21,3935500
105/12/06,56486,180.00,180.00,177.50,177.50,-2.00,53,10098536
105/12/07,835745,186.50,195.00,186.00,195.00,+17.50,269,162098275
105/12/08,277784,195.00,195.00,190.00,193.50,-1.50,247,53580312
105/12/09,734900,193.00,196.50,193.00,194.50,+1.00,320,143519500
105/12/12,482504,196.00,198.50,187.00,187.00,-7.50,273,93947504
105/12/13,70380,187.00,187.50,181.50,184.50,-2.50,66,12919490
105/12/14,47500,183.50,184.50,182.00,183.50,-1.00,45,8717000
105/12/15,17219,183.00,184.50,182.00,184.50,+1.00,18,3156015
105/12/16,88370,184.00,187.00,183.50,187.00,+2.50,65,16348320
105/12/19,352521,188.00,200.00,188.00,197.00,+10.00,261,68938116
105/12/20,652550,202.00,206.00,194.00,197.50,+0.50,463,131085124
105/12/21,560136,200.00,203.00,195.00,200.00,+2.50,423,111563564
105/12/22,126304,198.50,202.00,195.00,202.00,+2.00,120,25117908
105/12/23,112017,202.00,203.00,199.00,199.00,-3.00,110,22447883
105/12/26,86000,201.00,203.00,198.50,199.50,+0.50,76,17227000
105/12/27,116000,202.00,202.00,197.50,199.50,0.00,88,23150500
105/12/28,389137,208.00,209.50,203.50,209.50,+10.00,306,80435063
105/12/29,134918,210.50,210.50,206.00,209.50,0.00,123,28082820
105/12/30,189460,208.50,209.50,207.00,209.50,0.00,163,39417180
106/01/03,197200,209.50,215.00,207.00,212.50,+3.00,157,41830400
106/01/04,317674,214.00,223.00,213.00,218.00,+5.50,276,69059084
106/01/05,272367,218.50,225.00,216.50,219.00,+1.00,218,60068006
106/01/06,132101,219.00,220.50,216.00,218.00,-1.00,100,28846018
106/01/09,146500,220.00,223.00,218.50,221.00,+3.00,143,32299500
106/01/10,202041,222.00,222.00,218.00,222.00,+1.00,142,44493602
106/01/11,671617,221.50,236.50,221.50,225.50,+3.50,591,154664208
106/01/12,242241,224.00,230.00,222.00,228.00,+2.50,221,54694207
106/01/13,37450,229.00,229.00,225.00,226.00,-2.00,40,8470475
106/01/16,145500,223.00,225.00,218.00,225.00,-1.00,141,32164500
106/01/17,295715,225.00,234.50,224.00,228.00,+3.00,239,68065020
106/01/18,190732,228.00,233.50,226.50,227.50,-0.50,146,43876932
106/01/19,132280,228.00,228.00,220.50,221.00,-6.50,134,29480298
106/01/20,82158,220.00,222.00,220.00,220.50,-0.50,81,18152838
106/01/23,54273,222.00,222.00,220.00,221.00,+0.50,61,11983787
106/01/24,120489,222.00,225.50,221.00,225.00,+4.00,116,26990025
106/02/02,67200,226.50,227.00,225.50,227.00,+2.00,70,15221200
106/02/03,84844,228.50,228.50,225.00,225.50,-1.50,76,19207556
106/02/06,55335,227.00,227.00,224.50,226.00,+0.50,52,12482710
106/02/07,54005,226.00,226.00,221.50,224.00,-2.00,46,12066120
106/02/08,111194,224.00,224.00,218.00,223.50,-0.50,103,24495358
106/02/09,52704,224.00,226.50,223.00,226.50,+3.00,56,11845400
106/02/10,46239,227.50,228.00,224.00,227.00,+0.50,46,10454731
106/02/13,151800,231.50,231.50,221.00,225.00,-2.00,149,34166600
106/02/14,44162,226.50,226.50,222.00,224.00,-1.00,42,9898288
106/02/15,79050,220.50,225.00,220.50,225.00,+1.00,73,17653750
106/02/16,50387,225.50,226.50,223.00,225.00,0.00,50,11325188
106/02/17,57800,224.50,225.50,221.00,224.00,-1.00,49,12906600
106/02/18,16000,225.00,225.50,223.50,224.00,0.00,13,3592500
106/02/20,62514,224.50,225.50,220.00,223.50,-0.50,61,13914608
106/02/21,36096,221.00,222.50,220.00,222.50,-1.00,39,7985716
106/02/22,89547,222.00,222.50,217.00,220.00,-2.50,88,19628699
106/02/23,203515,218.00,228.00,218.00,222.00,+2.00,134,45449315
106/02/24,51416,222.00,222.00,218.50,219.50,-2.50,54,11292143
106/03/01,74525,219.50,219.50,212.00,213.50,-6.00,72,16078086
106/03/02,62501,213.50,215.50,211.50,212.00,-1.50,57,13326711
106/03/03,32095,210.50,212.00,209.50,209.50,-2.50,34,6752807
106/03/06,23242,209.50,210.00,207.50,210.00,+0.50,24,4849578
106/03/07,25096,209.50,211.00,209.00,209.50,-0.50,28,5269515
106/03/08,42457,209.00,209.00,205.00,205.50,-4.00,40,8754728
106/03/09,48734,203.50,213.00,202.00,213.00,+7.50,53,10047608
106/03/10,39201,210.50,211.50,207.00,211.50,-1.50,43,8230509
106/03/13,11589,208.00,210.00,207.50,207.50,-4.00,16,2417512
106/03/14,43388,206.00,209.00,206.00,208.00,+0.50,41,8987316
106/03/15,131222,206.00,206.00,198.50,200.50,-7.50,127,26379955
106/03/16,54010,200.00,202.00,199.00,201.00,+0.50,44,10811010
106/03/17,58195,200.00,201.50,198.00,201.50,+0.50,61,11623597
106/03/20,35197,201.50,201.50,200.00,200.00,-1.50,34,7042203
106/03/21,52501,202.00,205.00,202.00,203.00,+3.00,51,10670450
106/03/22,31194,202.00,202.00,199.00,200.00,-3.00,32,6241606
106/03/23,36000,201.00,202.50,200.50,200.50,+0.50,27,7246500
106/03/24,42100,200.50,201.00,199.00,200.00,-0.50,40,8416500
106/03/27,36689,200.00,200.50,198.50,198.50,-1.50,34,7324233
106/03/28,64486,200.00,203.50,200.00,201.00,+2.50,61,13048200
106/03/29,92115,200.00,203.50,199.50,200.00,-1.00,76,18521500
106/03/30,135272,199.00,207.50,199.00,207.50,+7.50,119,27431804
106/03/31,246316,207.50,213.50,207.50,212.50,+5.00,227,52031676
106/04/05,278318,211.00,220.00,210.50,219.00,+6.50,261,60152142
106/04/06,160264,220.00,221.50,215.00,215.00,-4.00,142,34918996
106/04/07,157000,215.00,219.50,213.00,213.00,-2.00,134,33833500
106/04/10,78100,213.00,214.50,211.00,211.50,-1.50,78,16622650
106/04/11,145142,212.00,212.50,205.00,209.00,-2.50,137,30270678
106/04/12,147501,206.00,207.00,199.00,202.50,-6.50,133,29910453
106/04/13,223074,200.00,202.50,195.00,198.50,-4.00,211,44319300
106/04/14,362672,197.00,198.00,179.00,179.00,-19.50,325,67278788
106/04/17,403155,180.50,191.50,175.50,181.50,+2.50,351,73866365
106/04/18,468219,180.00,199.50,177.00,199.50,+18.00,417,88998689
106/04/19,294682,200.00,203.50,195.50,203.00,+3.50,269,59246082
106/04/20,264833,203.00,208.00,203.00,206.00,+3.00,236,54386347
106/04/21,109990,206.00,207.00,203.50,205.00,-1.00,92,22592463
106/04/24,124377,205.00,205.00,193.50,193.50,-11.50,109,24595072
106/04/25,120000,193.50,199.50,193.50,195.50,+2.00,99,23472500
106/04/26,26100,195.50,197.00,194.50,195.50,0.00,24,5096050
106/04/27,37005,196.00,196.00,193.00,193.50,-2.00,33,7212975
106/04/28,45097,194.50,195.50,192.00,192.50,-1.00,34,8742575
106/05/02,100808,194.50,194.50,188.00,192.50,0.00,85,19270539
106/05/03,49001,193.00,195.00,189.00,192.50,0.00,48,9400192
106/05/04,70096,193.00,195.00,191.00,193.00,+0.50,59,13534932
106/05/05,36334,192.50,192.50,190.00,190.00,-3.00,34,6940794
106/05/08,28504,190.00,190.00,187.50,188.00,-2.00,31,5376252
106/05/09,99050,189.50,191.50,185.50,188.00,0.00,82,18764900
106/05/10,41808,186.00,190.50,186.00,190.00,+2.00,43,7901212
106/05/11,433774,192.00,206.50,192.00,201.50,+11.50,389,86733800
106/05/12,276126,201.50,202.00,192.50,192.50,-9.00,240,54123255
106/05/15,137523,194.50,195.50,190.00,193.00,+0.50,121,26485393
106/05/16,179312,193.50,194.00,186.00,186.50,-6.50,167,33744686
106/05/17,228102,186.50,189.50,181.00,182.50,-4.00,203,42053268
106/05/18,197926,181.00,182.00,179.00,180.00,-2.50,174,35656680
106/05/19,206488,182.50,188.00,180.00,182.50,+2.50,198,37778828
106/05/22,158244,184.00,186.00,183.00,183.00,+0.50,158,29170029
106/05/23,65647,185.00,186.50,182.50,185.50,+2.50,69,12121548
106/05/24,69290,186.50,186.50,183.00,183.00,-2.50,62,12840280
106/05/25,58216,183.00,186.00,183.00,185.50,+2.50,57,10783244
106/05/26,363362,190.00,196.50,189.00,189.00,+3.50,346,69817556
106/05/31,123416,192.00,195.00,187.00,195.00,+6.00,96,23674704
106/06/01,233294,194.50,198.00,192.50,196.00,+1.00,201,45742830
106/06/02,228214,201.00,202.00,195.00,195.00,-1.00,209,45232944
106/06/03,41050,196.50,198.50,195.00,195.50,+0.50,42,8040350
106/06/05,244460,197.50,203.00,197.50,200.00,+4.50,232,48994420
106/06/06,195260,202.50,203.50,195.00,196.50,-3.50,185,38967590
106/06/07,162294,196.50,197.50,190.50,193.50,-3.00,149,31321387
106/06/08,72098,195.50,196.00,193.00,194.50,+1.00,71,14010561
106/06/09,87436,194.50,196.50,192.50,193.50,-1.00,88,16965212
106/06/12,111350,194.00,197.00,193.00,195.00,+1.50,97,21690900
106/06/13,53060,195.00,195.00,193.00,193.50,-1.50,52,10286580
106/06/14,128339,193.50,193.50,188.00,193.50,0.00,113,24497435
106/06/15,96000,191.00,194.00,189.50,193.00,-0.50,91,18310500
106/06/16,156389,193.50,196.00,193.00,196.00,+3.00,134,30474855
106/06/19,561827,196.50,204.00,196.00,202.50,+6.50,505,113419727
106/06/20,1005495,212.00,222.50,212.00,222.50,+20.00,577,221561133
106/06/21,1456237,220.50,222.50,210.00,218.00,-4.50,1234,316794519
106/06/22,1437518,222.00,232.50,222.00,228.50,+10.50,1225,325807622
106/06/23,833651,229.00,235.00,228.00,234.50,+6.00,739,193450683
106/06/26,1331995,239.00,254.50,239.00,250.00,+15.50,1158,331908255
106/06/27,478562,247.00,249.50,242.50,249.00,-1.00,443,117629938
106/06/28,614301,247.00,255.50,243.50,253.00,+4.00,547,154170352
106/06/29,585265,255.00,255.00,246.50,248.50,-4.50,510,146651455
106/06/30,895848,245.00,257.50,243.00,257.00,+8.50,827,226098588
106/07/03,392733,257.50,258.50,248.00,248.00,-9.00,378,99282051
106/07/04,368451,248.50,251.00,242.00,243.50,-4.50,349,90396317
106/07/05,199245,246.50,246.50,241.50,242.00,-1.50,175,48476290
106/07/06,165802,244.00,244.00,238.00,238.50,-3.50,150,39800876
106/07/07,662408,243.00,252.50,239.50,248.00,+9.50,607,163809184
106/07/10,393723,245.50,245.50,237.00,242.00,,322,95011966
106/07/11,455071,251.00,254.50,241.00,241.00,-1.00,409,112842395
106/07/12,146279,242.50,244.00,239.00,240.00,-1.00,151,35230739
106/07/13,279100,240.50,247.50,239.00,244.50,+4.50,262,67883350
106/07/14,199300,242.00,245.00,240.50,245.00,+0.50,181,48326200
106/07/17,1498332,247.50,269.50,246.50,269.50,+24.50,1199,395163968
106/07/18,2005160,270.00,285.00,266.00,281.00,+11.50,1709,552531140
106/07/19,753338,278.50,285.50,273.50,278.00,-3.00,681,210815964
106/07/20,1291112,277.00,294.00,275.00,278.00,0.00,1143,366534024
106/07/21,597850,279.00,288.00,277.00,284.00,+6.00,563,169049700
106/07/24,449514,285.00,290.00,278.00,278.00,-6.00,419,127473420
106/07/25,486881,278.00,279.00,270.00,272.50,-5.50,447,132892632
106/07/26,588410,272.50,272.50,261.00,262.00,-10.50,507,155995920
106/07/27,492915,266.00,271.00,261.50,262.00,0.00,444,131018730
106/07/28,236350,263.00,265.50,260.00,260.00,-2.00,214,61984500
106/07/31,319196,262.00,268.50,260.00,262.50,+2.50,286,84043852
106/08/01,168097,265.50,267.00,261.50,261.50,-1.00,160,44459914
106/08/02,170097,264.50,265.00,260.00,261.00,-0.50,159,44489865
106/08/03,505254,263.00,263.00,247.00,249.50,-11.50,409,128853254
106/08/04,361227,249.00,254.00,241.50,245.50,-4.00,325,89440569
106/08/07,299804,250.00,250.00,240.00,241.50,-4.00,250,72918480
106/08/08,464637,247.50,258.00,244.00,252.00,+10.50,430,117455024
106/08/09,223058,249.00,253.50,243.00,246.00,-6.00,203,55208884
106/08/10,388611,246.00,246.00,233.00,235.00,-11.00,346,92244888
106/08/11,295069,231.00,238.50,229.00,237.50,+2.50,269,68649353
106/08/14,277017,241.50,243.00,230.00,233.50,-4.00,232,64824978
106/08/15,240591,237.00,238.50,232.50,235.00,+1.50,231,56578794
106/08/16,345185,235.00,247.00,235.00,243.00,+8.00,306,83164955
106/08/17,175688,243.50,246.50,241.00,243.50,+0.50,160,42784996
106/08/18,257670,243.00,243.00,235.00,236.00,-7.50,230,61096620
106/08/21,175290,240.00,240.50,237.00,238.50,+2.50,158,41832310
106/08/22,110096,240.00,241.50,238.00,241.00,+2.50,96,26390683
106/08/23,248425,243.50,248.50,241.00,241.00,0.00,214,60916275
106/08/24,95615,243.00,243.00,237.50,239.00,-2.00,100,22894176
106/08/25,81389,240.00,245.00,238.00,241.00,+2.00,79,19715360
106/08/28,73205,244.50,244.50,240.00,240.00,-1.00,68,17688596
106/08/29,951447,243.00,264.00,242.00,262.00,+22.00,854,241889334
106/08/30,2222136,266.00,284.00,258.00,284.00,+22.00,1787,611405852
106/08/31,959546,286.00,290.00,276.00,276.50,-7.50,805,271492920
106/09/01,484362,277.00,284.00,275.00,278.00,+1.50,441,135532136
106/09/04,527345,277.50,284.00,269.00,284.00,+6.00,474,146636135
106/09/05,567034,287.00,291.00,278.00,278.00,-6.00,504,160958952
106/09/06,284317,276.00,277.50,270.50,271.50,-6.50,269,77569245
106/09/07,541092,273.50,282.00,272.50,279.00,+7.50,460,150557529
106/09/08,284527,278,281,270.5,275,-4,284,78086925
106/09/11,316238,274.50,275.00,265.00,265.00,-10.00,294,84635570
106/09/12,174711,268.00,272.00,262.00,268.00,+3.00,162,46529548
106/09/13,156488,268.00,273.00,263.50,268.00,0.00,130,42018284
106/09/14,123394,269.00,271.50,266.50,270.00,+2.00,119,33187880
106/09/15,122175,270.00,270.50,265.50,269.00,-1.00,112,32730250
106/09/18,1109835,272.00,295.50,272.00,295.50,+26.50,733,321579738
106/09/19,1530494,295.00,295.00,275.00,275.00,-20.50,1040,441973850
106/09/20,285484,280.00,282.00,273.00,275.00,0.00,256,79501100
106/09/21,483200,279.00,293.50,276.00,293.50,+18.50,454,137844900
106/09/22,690550,291.00,298.50,285.00,291.50,-2.00,629,201795000
106/09/25,967812,292.50,301.00,286.00,291.50,0.00,795,285696980
106/09/26,541305,290.00,293.00,274.50,274.50,-17.00,466,153092570
106/09/27,690436,277.00,292.00,277.00,286.50,+12.00,542,197289196
106/09/28,335406,288.00,294.00,285.50,290.00,+3.50,318,97033240
106/09/29,360077,288.50,288.50,280.00,286.00,-4.00,312,101876868
106/09/30,325000,286.00,292.00,281.00,281.00,-5.00,258,93583500
106/10/02,198584,283.50,283.50,276.00,278.50,-2.50,179,55388936
106/10/03,249010,279.00,285.00,276.50,278.00,-0.50,216,69849305
106/10/05,203140,280.50,287.00,279.50,284.50,+6.50,185,57673190
106/10/06,147389,283.00,283.00,277.00,280.00,-4.50,133,41150225
106/10/11,386315,281.00,287.00,271.00,271.00,-9.00,327,106988180
106/10/12,338020,271.00,274.00,266.50,267.00,-4.00,279,90970389
106/10/13,175374,270.00,274.00,267.50,267.50,+0.50,160,47259606
106/10/16,462271,270.00,270.00,257.00,257.50,-10.00,389,120658918
106/10/17,158000,257.50,262.00,257.50,257.50,0.00,150,40936500
106/10/18,281258,260.00,260.00,247.00,249.00,-8.50,255,70608500
106/10/19,279035,250.00,250.00,242.00,245.50,-3.50,249,68546645
106/10/20,638232,245.00,270.00,245.00,266.00,+20.50,539,168581944
106/10/23,307635,265.00,269.00,257.00,257.00,-9.00,284,80254282
106/10/24,185153,258.50,259.00,250.00,251.00,-6.00,172,46799056
106/10/25,124048,253.00,258.50,251.50,253.00,+2.00,116,31578240
106/10/26,208050,255.00,263.50,251.00,256.00,+3.00,186,53880500
106/10/27,197193,258.00,262.50,255.50,256.00,0.00,174,50774294
106/10/30,156300,259.00,259.50,251.50,255.00,-1.00,130,39938700
106/10/31,139137,254.50,261.50,254.50,261.00,+6.00,130,36153620
106/11/01,238100,258.50,265.00,258.00,260.00,-1.00,186,62206350
106/11/02,540156,261.00,271.00,259.00,262.50,+2.50,419,144171808
106/11/03,370388,267.00,271.50,258.00,271.00,+8.50,343,99113372
106/11/06,563240,271.50,282.00,268.50,269.00,-2.00,507,155584560
106/11/07,141466,269.00,272.50,268.50,269.00,0.00,132,38211854
106/11/08,470638,270.50,285.00,270.50,278.50,+9.50,437,131247180
106/11/09,348321,279.00,283.00,273.00,275.00,-3.50,310,96665775
106/11/10,262987,273.00,283.00,273.00,283.00,+8.00,233,73518347
106/11/13,215502,283.50,284.50,275.00,275.00,-8.00,202,59693050
106/11/14,213983,274.00,274.00,269.50,271.00,-4.00,184,58067418
106/11/15,161050,270.00,277.00,270.00,273.00,+2.00,154,44186650
106/11/16,122028,276.00,277.00,273.50,274.50,+1.50,113,33582144
106/11/17,127200,275.50,280.50,270.50,274.50,0.00,120,35168400
106/11/20,105096,275.00,276.00,271.00,271.00,-3.50,92,28643920
106/11/21,80194,273.00,276.50,271.50,276.00,+5.00,77,21959656
106/11/22,120194,273.50,278.50,273.00,273.00,-3.00,108,33073171
106/11/23,77978,273.00,273.50,270.50,272.00,-1.00,73,21181560
106/11/24,43635,275.00,275.00,270.50,275.00,+3.00,46,11932855
106/11/27,553721,275.00,292.50,275.00,283.00,+8.00,535,158452460
106/11/28,229045,283.00,283.50,276.00,278.50,-4.50,229,63865487
106/11/29,320422,279.50,282.00,269.00,272.00,-6.50,299,87674940
106/11/30,89537,268.00,271.50,267.50,269.50,-2.50,81,24164916
106/12/01,110190,273.00,274.00,265.00,272.00,+2.50,111,29812680
106/12/04,98152,273.00,275.50,270.00,271.00,-1.00,92,26749692
106/12/05,236843,272.00,272.00,257.00,263.00,-8.00,217,62124023
106/12/06,207002,263.00,264.00,253.50,254.00,-9.00,181,52959513
106/12/07,156491,255.00,260.50,250.50,256.00,+2.00,157,39844696
106/12/08,88038,259.00,259.00,251.00,256.00,0.00,88,22342766
106/12/11,86938,262.00,264.50,258.50,262.50,+6.50,90,22785223
106/12/12,69212,262.50,262.50,258.50,258.50,-4.00,64,17971620
106/12/13,30097,260.50,260.50,258.00,259.50,+1.00,28,7803671
106/12/14,47005,262.00,262.50,257.00,258.00,-1.50,47,12186790
106/12/15,44194,259.50,260.00,253.00,258.00,0.00,45,11314052
106/12/18,73001,262.00,262.00,255.00,258.00,0.00,67,18846760
106/12/19,32198,260.00,260.00,255.00,255.00,-3.00,24,8255188
106/12/20,77194,257.00,257.00,251.50,253.00,-2.00,73,19564582
106/12/21,54259,253.00,255.50,252.00,252.00,-1.00,49,13743268
106/12/22,101000,255.00,260.00,253.00,257.50,+5.50,93,25972000
106/12/25,303500,259.50,267.50,259.50,262.00,+4.50,282,80090500
106/12/26,138100,264.00,264.00,254.50,254.50,-7.50,124,35671500
106/12/27,55267,256.50,257.00,252.50,254.00,-0.50,53,14054417
106/12/28,90104,259.00,263.00,258.00,260.00,+6.00,90,23522540
106/12/29,138209,261.00,265.00,261.00,263.50,+3.50,123,36418258
107/01/02,63097,261.50,262.00,257.00,258.50,-5.00,63,16348623
107/01/03,67000,259.00,260.00,257.50,258.50,0.00,56,17322000
107/01/04,48010,258.50,258.50,254.50,256.00,-2.50,46,12316065
107/01/05,156505,258.00,266.00,256.50,263.50,+7.50,147,41084310
107/01/08,122459,265.00,266.50,261.00,265.00,+1.50,116,32394717
107/01/09,136880,269.00,269.50,265.00,266.50,+1.50,131,36538760
107/01/10,107000,266.50,266.50,258.50,265.00,-1.50,101,28079500
107/01/11,389130,267.50,274.00,262.00,262.00,-3.00,350,104521560
107/01/12,86052,262.00,263.00,258.00,259.50,-2.50,88,22364968
107/01/15,173351,261.00,265.00,255.00,255.00,-4.50,162,44685505
107/01/16,193476,255.00,255.00,250.00,253.00,-2.00,172,48795404
107/01/17,123407,254.50,254.50,250.00,252.00,-1.00,116,31002471
107/01/18,169194,253.50,256.00,251.50,254.00,+2.00,145,42921888
107/01/19,85244,253.50,253.50,251.00,252.50,-1.50,83,21474853
107/01/22,152027,254.00,254.00,247.00,248.00,-4.50,130,37838736
107/01/23,316182,248.00,250.50,238.50,244.50,-3.50,290,76594863
107/01/24,204300,247.00,247.00,238.00,241.00,-3.50,182,49083800
107/01/25,148539,241.00,243.00,238.00,239.00,-2.00,109,35565977
107/01/26,98893,240.00,242.00,237.00,239.50,+0.50,90,23629373
107/01/29,86398,239.00,241.00,237.00,241.00,+1.50,72,20648918
107/01/30,92002,240.50,244.50,237.50,239.00,-2.00,90,22168984
107/01/31,116689,238.50,238.50,232.50,234.00,-5.00,108,27360726
107/02/01,114182,236.00,236.00,229.00,231.00,-3.00,98,26490224
107/02/02,103000,233.00,234.00,229.50,229.50,-1.50,79,23742000
107/02/05,341243,227.00,227.00,215.50,218.00,-11.50,287,74869581
107/02/06,471179,213.00,213.00,197.00,203.50,-14.50,375,95437522
107/02/07,136085,210.00,213.00,208.50,210.00,+6.50,119,28704317
107/02/08,54075,210.00,213.00,207.00,211.00,+1.00,51,11349512
107/02/09,192273,205.00,218.00,202.50,216.00,+5.00,146,40647331
107/02/12,77958,215.50,222.00,215.50,218.00,+2.00,79,17069906
107/02/21,100610,220.00,225.50,217.00,219.00,+1.00,96,22259090
107/02/22,59113,218.00,218.00,213.50,214.50,-4.50,54,12717963
107/02/23,283389,226.50,231.50,223.00,227.50,+13.00,253,64647997
107/02/26,62188,233.00,233.00,229.00,229.00,+1.50,61,14357864
107/02/27,64059,227.50,230.00,222.00,222.00,-7.00,63,14438098
107/03/01,34530,221.00,221.50,217.50,217.50,-4.50,34,7579835
107/03/02,46000,216.00,220.00,215.00,219.00,+1.50,41,9972500
107/03/05,32194,219.00,221.50,218.00,218.00,-1.00,36,7069292
107/03/06,34200,222.00,222.00,215.00,216.50,-1.50,32,7449800
107/03/07,51471,218.00,220.00,216.00,219.50,+3.00,49,11233178
107/03/08,40023,219.50,222.00,218.50,219.00,-0.50,41,8811060
107/03/09,72026,221.50,221.50,216.50,219.50,+0.50,69,15742168
107/03/12,115949,219.50,228.00,219.50,225.00,+5.50,112,25989627
107/03/13,43194,226.00,229.00,223.50,227.50,+2.50,42,9780135
107/03/14,33389,230.00,230.50,226.00,226.50,-1.00,36,7600025
107/03/15,55013,228.50,230.00,226.00,228.00,+1.50,68,12589977
107/03/16,38096,228.00,229.00,227.00,227.00,-1.00,41,8669696
107/03/19,57055,230.00,230.00,224.50,224.50,-2.50,49,12889457
107/03/20,57492,225.00,226.50,223.00,226.00,+1.50,47,12938676
107/03/21,48125,228.50,230.00,225.00,225.00,-1.00,53,10934875
107/03/22,52041,225.00,227.00,223.00,225.00,0.00,52,11693725
107/03/23,77040,223.00,227.50,221.50,227.50,+2.50,68,17303140
107/03/26,131116,226.50,226.50,219.00,220.00,-7.50,113,29063520
107/03/27,55010,222.00,224.50,219.50,222.00,+2.00,50,12191740
107/03/28,30109,220.50,223.00,220.50,221.50,-0.50,40,6669857
107/03/29,25009,221.50,224.00,221.50,223.00,+1.50,32,5568007
107/03/30,32194,224.00,224.50,222.00,223.00,0.00,31,7190068
107/03/31,17194,223.00,223.00,222.50,223.00,0.00,16,3830262
107/04/02,50100,223.00,224.50,221.50,224.50,+1.50,51,11176050
107/04/03,9000,222.50,224.00,222.50,223.00,-1.50,9,2008000
107/04/09,243853,223.00,238.00,223.00,237.50,+14.50,228,56807808
107/04/10,74050,237.50,238.50,234.50,236.00,-1.50,99,17499860
107/04/11,57694,234.50,239.00,234.50,239.00,+3.00,62,13686478
107/04/12,106135,239.00,241.00,236.50,237.00,-2.00,115,25266495
107/04/13,25161,238.00,238.00,233.50,235.00,-2.00,28,5913657
107/04/16,53061,235.00,235.00,231.50,232.00,-3.00,46,12333274
107/04/17,63025,236.00,236.00,230.00,233.50,+1.50,67,14629835
107/04/18,48400,233.00,234.00,229.50,230.50,-3.00,64,11191193
107/04/19,29046,230.50,233.00,229.00,233.00,+2.50,37,6724191
107/04/20,51723,232.00,232.00,228.50,232.00,-1.00,51,11911236
107/04/23,60490,229.50,233.00,227.00,227.00,-5.00,60,13886720
107/04/24,66100,227.00,230.50,225.00,228.50,+1.50,61,15045800
107/04/25,92184,229.00,229.00,223.00,224.50,-4.00,97,20709032
107/04/26,134291,227.00,227.00,214.00,220.00,-4.50,100,29471229
107/04/27,73000,221.00,221.00,216.00,217.50,-2.50,50,15918500
107/04/30,136683,228.00,232.00,223.00,228.50,+11.00,110,31165041
107/05/02,20012,232.00,232.00,228.00,228.00,-0.50,23,4598248
107/05/03,31000,230.00,230.00,224.00,224.50,-3.50,27,6985000
107/05/04,26097,226.00,226.00,221.00,222.50,-2.00,28,5806437
107/05/07,16001,225.00,225.00,222.00,223.50,+1.00,17,3569725
107/05/08,28200,220.00,223.00,219.00,222.50,-1.00,23,6231400
107/05/09,28292,225.00,226.00,221.00,225.00,+2.50,29,6322908
107/05/10,47394,224.00,227.00,224.00,224.00,-1.00,47,10663362
107/05/11,51200,225.00,225.00,219.50,219.50,-4.50,48,11317500
107/05/14,83287,219.50,220.50,216.00,216.00,-3.50,75,18085635
107/05/15,40000,218.50,218.50,215.50,215.50,-0.50,33,8659000
107/05/16,57059,215.50,216.50,212.50,215.50,0.00,57,12220713
107/05/17,27000,219.00,219.50,217.50,218.50,+3.00,26,5900500
107/05/18,30108,219.00,219.50,216.00,217.00,-1.50,33,6540652
107/05/21,26615,219.00,220.50,219.00,220.00,+3.00,32,5850185
107/05/22,50097,220.00,223.00,219.50,219.50,-0.50,51,11073243
107/05/23,19101,219.50,220.50,219.00,219.00,-0.50,22,4189619
107/05/24,32292,220.00,222.00,219.00,219.00,0.00,36,7095156
107/05/25,39000,220.00,221.00,218.50,219.00,0.00,31,8562500
107/05/28,118101,219.00,219.00,216.00,219.00,0.00,57,25750119
107/05/29,61100,219.00,219.00,215.00,217.00,-2.00,48,13253350
107/05/30,61197,216.00,216.00,212.50,213.50,-3.50,59,13094658
107/05/31,77282,213.00,214.00,210.00,214.00,+0.50,73,16410412
107/06/01,81005,214.00,214.00,207.00,211.50,-2.50,78,16937580
107/06/04,79243,209.50,209.50,207.50,209.00,-2.50,69,16504650
107/06/05,92194,208.50,209.50,205.00,206.50,-2.50,81,19086240
107/06/06,122306,208.00,208.50,202.00,204.00,-2.50,108,24958148
107/06/07,107663,203.00,203.50,198.50,203.50,-0.50,117,21713926
107/06/08,122100,205.00,207.50,204.00,204.00,+0.50,104,25156600
107/06/11,29004,206.00,206.00,201.00,202.00,-2.00,29,5865816
107/06/12,31191,202.00,202.00,199.50,201.00,-1.00,33,6262486
107/06/13,123811,198.50,199.00,196.50,198.00,-3.00,123,24437792
107/06/14,90006,196.00,200.00,195.50,198.50,+0.50,89,17783720
107/06/15,38649,200.00,200.00,198.50,200.00,+1.50,40,7710300
107/06/19,31002,200.00,200.00,197.00,200.00,0.00,31,6158904
107/06/20,14000,199.00,199.00,198.00,199.00,-1.00,14,2779000
107/06/21,149009,197.50,200.00,190.50,195.00,-4.00,149,28822277
107/06/22,249500,192.00,196.00,188.00,195.00,0.00,224,47923000
107/06/25,206589,195.50,196.50,190.00,196.00,+1.00,192,39948855
107/06/26,250414,196.00,198.50,190.50,198.50,+2.50,212,48481558
107/06/27,198628,198.00,198.00,193.00,195.50,-3.00,188,38661832
107/06/28,113270,195.50,199.00,194.50,198.50,+3.00,106,22307690
107/06/29,87070,198.50,198.50,196.00,198.00,-0.50,82,17158860
107/07/02,74000,198.00,199.00,196.00,199.00,+1.00,48,14656500
107/07/03,88094,197.00,197.50,195.00,195.50,-3.50,76,17259377
107/07/04,43004,196.00,197.00,195.00,197.00,+1.50,40,8440784
107/07/05,82001,197.00,197.00,193.00,195.50,-1.50,73,15952195
107/07/06,95268,195.50,197.00,190.00,193.50,-2.00,87,18359492
107/07/09,49013,193.50,195.00,192.00,195.00,+1.50,44,9499553
107/07/10,148242,195.50,203.00,194.00,200.50,+5.50,143,29525505
107/07/11,34010,197.50,200.00,196.00,199.50,-1.00,36,6745000
107/07/12,103200,201.50,205.00,200.00,204.00,+4.50,104,20953700
107/07/13,57194,206.50,206.50,203.00,204.50,+0.50,59,11665882
107/07/16,126350,203.00,207.00,201.00,205.00,+0.50,122,25868250
107/07/17,176812,207.50,209.00,206.00,209.00,+4.00,160,36775896
107/07/18,346411,171.00,183.00,171.00,181.00,,280,61183506
107/07/19,231681,190.00,190.00,184.00,188.00,+7.00,201,43128048
107/07/20,143095,188.00,189.50,185.00,189.50,+1.50,127,26825550
107/07/23,113300,188.00,192.00,187.00,192.00,+2.50,100,21516250
107/07/24,111394,191.00,194.50,189.00,194.50,+2.50,93,21434330
107/07/25,471850,194.50,210.00,194.00,202.00,+7.50,374,96231700
107/07/26,169584,203.00,206.00,200.00,204.50,+2.50,149,34530552
107/07/27,172031,203.50,203.50,197.00,200.00,-4.50,143,34303200
107/07/30,98800,198.00,198.00,193.50,193.50,-6.50,93,19230000
107/07/31,56200,195.00,196.00,193.50,195.50,+2.00,58,10968700
107/08/01,55000,197.50,197.50,195.00,196.50,+1.00,41,10777500
107/08/02,202000,196.50,201.50,194.50,196.00,-0.50,162,39972000
107/08/03,72001,197.00,197.00,195.00,197.00,+1.00,70,14101698
107/08/06,50005,196.00,198.00,194.00,196.00,-1.00,37,9774987
107/08/07,210237,195.00,195.00,184.50,185.00,-11.00,183,39473699
107/08/08,327197,185.00,195.00,184.00,195.00,+10.00,250,61603415
107/08/09,262584,190.00,195.50,190.00,194.00,-1.00,209,50658796
107/08/10,174156,194.00,197.00,191.00,195.00,+1.00,145,33911700
107/08/13,178008,188.00,193.50,186.00,188.00,-7.00,143,33593560
107/08/14,115100,190.00,190.00,181.00,187.00,-1.00,93,21329150
107/08/15,104100,183.50,187.50,181.00,187.50,+0.50,93,19196050
107/08/16,150000,183.50,188.00,180.00,180.00,-7.50,139,27350500
107/08/17,165371,180.50,182.00,171.50,174.50,-5.50,158,28895538
107/08/20,61198,175.00,176.00,172.00,175.00,+0.50,59,10644144
107/08/21,78099,174.00,178.00,173.00,178.00,+3.00,63,13762820
107/08/22,60198,177.00,177.00,174.00,174.00,-4.00,61,10510318
107/08/23,87211,175.00,175.00,170.00,174.00,0.00,79,15046769
107/08/24,112250,174.00,175.50,170.50,175.50,+1.50,96,19432000
107/08/27,121050,172.00,176.50,171.50,176.00,+0.50,102,21083975
107/08/28,94354,176.00,176.50,172.50,173.50,-2.50,84,16443158
107/08/29,69200,173.50,175.00,173.00,175.00,+1.50,67,12025400
107/08/30,154200,175.50,179.00,175.00,179.00,+4.00,112,27312100
107/08/31,227032,175.00,179.00,175.00,175.50,-3.50,226,39986632
107/09/03,290147,174.00,174.50,168.00,173.50,-2.00,282,49933503
107/09/04,168827,173.00,175.50,170.00,174.00,+0.50,156,29178483
107/09/05,140942,173.00,174.50,171.00,174.50,+0.50,137,24437875
107/09/06,239600,172.50,175.50,171.50,173.50,-1.00,197,41413200
107/09/07,313000,172.50,173.00,168.50,173.00,-0.50,269,53457000
107/09/10,181016,172.00,172.00,166.50,170.00,-3.00,153,30601720
107/09/11,201298,170.00,170.50,166.50,169.50,-0.50,186,33875862
107/09/12,66861,168.50,169.50,167.00,168.00,-1.50,65,11229148
107/09/13,210740,169.00,170.50,163.00,168.00,0.00,178,35239320
107/09/14,155605,168.00,168.00,163.00,163.00,-5.00,150,25658019
107/09/17,339542,163.00,163.00,149.00,153.00,-10.00,320,52225010
107/09/18,313595,154.50,156.50,150.00,153.00,0.00,281,48258035
107/09/19,120600,153.50,154.00,152.00,154.00,+1.00,100,18475100
107/09/20,134000,154.00,156.00,151.00,156.00,+2.00,124,20695500
107/09/21,152066,155.50,155.50,152.50,155.00,-1.00,137,23377362
107/09/25,137778,154.00,156.00,152.00,156.00,+1.00,109,21225090
107/09/26,128706,155.00,157.00,155.00,156.50,+0.50,126,20076136
107/09/27,150916,155.50,156.50,154.00,154.00,-2.50,130,23373564
107/09/28,116121,154.50,156.50,154.00,156.50,+2.50,96,18056997
107/10/01,130241,155.50,160.00,155.50,160.00,+3.50,105,20577920
107/10/02,578154,162.50,174.50,162.50,173.50,+13.50,532,98191488
107/10/03,283452,172.00,172.00,166.50,171.00,-2.50,270,48068565
107/10/04,143003,169.00,172.50,169.00,171.50,+0.50,111,24451513
107/10/05,240362,170.00,170.50,160.00,160.00,-11.50,205,39635144
107/10/08,98875,158.50,161.50,156.50,158.50,-1.50,107,15711250
107/10/09,108470,158.50,161.00,155.50,160.50,+2.00,103,17223934
107/10/11,623561,158.50,158.50,144.50,145.50,-15.00,435,92533125
107/10/12,156980,145.00,151.00,145.00,150.00,+4.50,151,23367985
107/10/15,75550,150.50,151.50,147.50,149.50,-0.50,74,11280773
107/10/16,59325,150.00,150.00,147.50,150.00,+0.50,64,8860250
107/10/17,103630,152.00,154.00,150.50,150.50,+0.50,104,15805313
107/10/18,75600,150.50,150.50,146.50,146.50,-4.00,73,11165000
107/10/19,89100,146.50,149.50,144.00,149.50,+3.00,84,13144950
107/10/22,25400,148.50,150.50,147.50,150.00,+0.50,28,3790600
107/10/23,70683,147.00,152.50,146.50,152.00,+2.00,55,10621133
107/10/24,54050,152.00,152.00,148.00,150.00,-2.00,48,8079450
107/10/25,128031,148.50,148.50,140.00,145.00,-5.00,104,18322495
107/10/26,166795,145.00,147.00,140.00,145.00,0.00,157,23694775
107/10/29,190804,142.00,143.00,136.00,138.50,-6.50,173,26402353
107/10/30,88263,138.50,140.50,136.50,140.00,+1.50,82,12270320
107/10/31,36906,141.00,142.50,141.00,141.00,+1.00,48,5222246
107/11/01,61419,142.00,144.50,142.00,144.00,+3.00,62,8812917
107/11/02,34000,145.00,145.00,143.50,144.50,+0.50,38,4903000
107/11/08,45360,148.50,148.50,147.00,148.50,+1.00,46,6704280
107/11/09,89550,149.50,152.00,149.50,151.50,+3.00,94,13498100
107/11/12,186700,151.50,157.00,151.00,154.00,+2.50,171,28873600
107/11/16,99232,154.00,155.50,150.00,150.00,-2.50,97,15039068
107/11/19,96200,150.00,151.00,147.00,147.00,-3.00,94,14271900
107/11/20,160152,145.00,147.00,142.00,145.00,-2.00,147,23062963
107/11/21,86748,146.00,147.00,144.00,147.00,+2.00,84,12619333
107/11/22,119002,148.50,148.50,144.50,147.00,0.00,115,17437294
107/11/23,148761,146.50,147.00,139.50,140.50,-6.50,135,21134918
107/11/26,110551,141.00,142.50,139.50,141.00,+0.50,111,15544965
107/11/27,78505,141.00,142.00,139.50,140.50,-0.50,78,11031955
107/11/28,114547,141.00,143.00,141.00,142.50,+2.00,109,16272721
107/11/29,190748,144.00,147.50,144.00,144.50,+2.00,176,27761586
107/11/30,677988,145.00,148.00,140.00,140.00,-4.50,255,95630798
107/12/03,368809,143.50,151.00,143.00,151.00,+11.00,320,54550850
107/12/04,257150,155.50,156.00,151.00,154.50,+3.50,231,39520100
107/12/05,822904,155.00,167.50,151.00,163.50,+9.00,718,133620852
107/12/06,937621,165.50,170.50,161.00,164.50,+1.00,821,155956344
107/12/07,749402,168.00,174.50,165.00,168.00,+3.50,592,127051134
107/12/10,268731,165.50,168.00,161.00,164.50,-3.50,239,43993384
107/12/11,611482,166.50,173.50,166.50,172.00,+7.50,529,104572922
107/12/12,235177,174.00,174.00,169.00,172.50,+0.50,216,40224350
107/12/13,271501,173.50,175.00,170.50,173.00,+0.50,238,47020172
107/12/14,133703,174.00,174.00,171.50,173.00,0.00,120,23163916
107/12/17,235329,174.00,176.00,171.50,173.00,0.00,214,40877588
107/12/18,194763,173.50,174.00,169.00,172.00,-1.00,178,33371973
107/12/19,140500,172.50,172.50,169.00,171.00,-1.00,122,23969500
107/12/20,131200,171.50,171.50,168.00,170.00,-1.00,117,22265000
107/12/21,168781,170.00,170.00,166.00,166.00,-4.00,141,28225146
107/12/22,127666,166.00,170.50,164.50,170.00,+4.00,121,21532054
107/12/24,103001,171.00,171.50,169.00,170.00,0.00,99,17521670
107/12/25,65499,170.00,170.00,167.00,169.00,-1.00,64,11031832
107/12/26,107400,170.00,170.50,165.00,168.00,-1.00,98,18072300
107/12/27,885081,169.50,184.50,169.50,184.50,+16.50,769,157211404
107/12/28,832481,184.50,192.00,179.00,186.50,+2.00,781,154718485
108/01/02,434880,191.00,193.00,186.00,190.00,+3.50,398,82470878
108/01/03,167604,190.00,191.00,184.50,185.00,-5.00,180,31318640
108/01/04,440938,185.00,192.00,181.50,192.00,+7.00,386,83191622
108/01/07,646672,193.00,200.50,192.00,192.00,0.00,572,127004524
108/01/08,443180,193.50,199.00,189.50,199.00,+7.00,359,86559640
108/01/09,543848,199.50,205.00,198.00,201.00,+2.00,495,109932100
108/01/10,331254,202.00,204.50,199.50,201.00,0.00,301,66902673
108/01/11,708171,200.00,200.00,185.00,190.50,-10.50,632,134942990
108/01/14,169092,190.50,190.50,184.50,185.00,-5.50,167,31495020
108/01/15,185450,186.00,192.00,185.50,188.00,+3.00,179,35072600
108/01/16,167255,190.00,190.50,185.50,186.00,-2.00,129,31421930
108/01/17,218640,185.50,186.00,181.00,181.00,-5.00,196,39940657
108/01/18,291122,181.00,183.00,176.50,178.50,-2.50,254,51928338
108/01/21,129654,179.00,180.50,175.50,178.00,-0.50,128,23168912
108/01/22,84130,178.00,178.00,175.00,176.50,-1.50,68,14842945
108/01/23,54270,175.50,176.50,175.00,176.50,0.00,55,9541655
108/01/28,126302,175.00,176.00,172.00,174.50,-0.50,112,21941696
108/01/29,121800,173.50,173.50,170.00,172.50,-2.00,93,20989999
108/01/30,314080,171.00,175.00,169.00,174.00,+1.50,258,53845000
108/02/11,388734,174.50,174.50,165.00,165.00,-9.00,368,65181110
108/02/12,215454,165.50,167.00,164.00,167.00,+2.00,199,35707818
108/02/13,104703,167.50,168.50,167.00,168.00,+1.00,101,17580604
108/02/14,500601,168.00,178.50,168.00,176.00,+8.00,460,87551084
108/02/15,117800,175.50,175.50,172.50,173.00,-3.00,111,20447600
108/02/18,175751,173.50,173.50,169.50,171.50,-1.50,178,29996670
108/02/19,166103,173.00,174.00,170.50,172.50,+1.00,149,28632766
108/02/20,641390,173.00,188.00,172.00,181.50,+9.00,565,115743590
108/02/21,290331,181.50,187.00,181.50,181.50,0.00,262,53413411
108/02/22,77402,181.00,182.50,178.50,178.50,-3.00,81,13948958
108/02/25,203529,178.50,178.50,172.50,174.50,-4.00,181,35595575
108/02/26,229348,174.50,176.50,172.00,172.00,-2.50,172,40001178
108/02/27,535732,175.00,185.00,175.00,177.50,+5.50,468,96514195
108/03/04,184020,180.00,180.00,175.50,176.50,-1.00,166,32611006
108/03/05,57013,176.50,177.50,175.50,175.50,-1.00,58,10055778
108/03/06,180368,175.50,175.50,172.00,173.00,-2.50,170,31199972
108/03/07,184263,172.00,172.00,168.00,169.50,-3.50,166,31262710
108/03/08,51504,168.50,169.00,168.00,169.00,-0.50,51,8682676
108/03/11,80153,170.00,170.00,167.00,167.50,-1.50,79,13466779
108/03/12,75827,168.00,170.50,167.50,167.50,0.00,76,12814936
108/03/13,162570,171.50,172.50,170.00,171.00,+3.50,228,27888400
108/03/14,55984,171.50,171.50,169.00,169.00,-2.00,208,9507796
108/03/15,165872,170.00,173.00,169.00,169.00,0.00,375,28365323
108/03/18,57312,169.50,170.50,168.50,168.50,-0.50,174,9696540
108/03/19,70794,168.50,170.50,167.50,169.00,+0.50,133,11945258
108/03/20,123250,170.00,172.00,169.50,171.50,+2.50,173,21070500
108/03/21,124240,172.00,173.00,170.00,170.00,-1.50,154,21297560
108/03/22,73899,170.50,173.00,170.50,171.50,+1.50,170,12699028
108/03/25,51168,170.50,171.00,168.00,168.50,-3.00,149,8655392
108/03/26,30319,169.00,169.00,168.00,168.00,-0.50,212,5105161
108/03/27,71291,168.50,169.00,166.00,166.00,-2.00,198,11941806
108/03/28,46072,165.00,168.50,165.00,167.50,+1.50,52,7732056
108/03/29,79725,169.00,169.00,167.00,167.00,-0.50,87,13374075
108/04/01,64923,169.00,169.00,167.00,167.50,+0.50,91,10911590
108/04/02,116051,167.00,171.00,167.00,169.50,+2.00,111,19662639
108/04/03,46061,171.00,171.00,170.00,171.00,+1.50,60,7857931
108/04/08,169528,173.50,174.50,172.00,173.00,+2.00,165,29351573
108/04/09,783436,174.50,185.50,174.00,180.00,+7.00,644,140700980
108/04/10,295543,182.00,182.50,179.00,179.00,-1.00,249,53348654
108/04/11,182082,179.00,179.50,175.00,175.50,-3.50,151,32327350
108/04/12,85344,175.00,175.00,171.50,171.50,-4.00,96,14778834
108/04/15,57038,171.00,174.00,171.00,172.00,+0.50,60,9837087
108/04/16,26819,172.00,172.00,171.00,171.50,-0.50,44,4602631
108/04/17,93102,173.00,174.00,171.00,171.00,-0.50,74,16060942
108/04/18,91850,173.00,173.00,171.00,171.50,+0.50,76,15748718
108/04/19,191433,173.00,176.00,173.00,173.50,+2.00,157,33404625
108/04/22,82355,174.00,176.00,173.50,174.00,+0.50,99,14365581
108/04/23,104168,173.50,174.00,168.50,174.00,0.00,99,17897232
108/04/24,309438,175.00,179.00,174.00,174.00,0.00,245,54558212
108/04/25,45142,175.00,175.50,173.50,173.50,-0.50,42,7874636
108/04/26,94400,174.00,174.00,170.50,171.00,-2.50,89,16198498
108/04/29,317712,173.50,179.00,173.50,176.00,+5.00,302,55887600
108/04/30,762703,177.50,185.00,177.50,179.00,+3.00,687,138803837
108/05/02,2652352,181.00,196.50,181.00,196.50,+17.50,1777,513512140
108/05/03,1956801,197.50,202.50,193.00,199.50,+3.00,1774,387626899
108/05/06,869440,194.50,201.00,193.00,199.50,0.00,730,171507273
108/05/07,2220900,200.00,216.50,200.00,212.00,+12.50,1976,470669842
108/05/08,1483936,209.50,221.00,206.50,209.50,-2.50,1407,318376124
108/05/09,1101853,211.50,217.00,205.50,207.00,-2.50,1041,232520218
108/05/10,1455820,212.50,217.50,205.00,217.00,+10.00,1309,309413203
108/05/13,1436840,226.00,226.00,215.00,215.00,-2.00,1256,315041600
108/05/14,1214169,215.00,215.00,202.50,202.50,-12.50,1110,253792215
108/05/15,946408,202.00,208.00,198.50,200.00,-2.50,822,191638192
108/05/16,1053885,204.00,209.50,200.50,200.50,+0.50,986,215868770
108/05/17,1309456,204.00,206.00,181.00,185.00,-15.50,1159,249663272
108/05/20,335219,187.50,189.50,182.00,189.00,+4.00,334,62679391
108/05/21,154022,188.50,191.00,186.00,190.50,+1.50,142,29127768
108/05/22,167342,189.00,190.50,184.00,185.00,-5.50,166,31178612
108/05/23,192104,182.00,182.50,178.50,180.50,-4.50,171,34666375
108/05/24,211341,180.00,184.50,176.50,177.50,-3.00,199,37989380
108/05/27,195257,179.00,179.00,172.00,175.00,-2.50,199,34143351
108/05/28,84453,176.00,177.00,173.50,175.00,0.00,94,14777500
108/05/29,523646,174.00,183.00,172.50,181.00,+6.00,517,94535426
108/05/30,707212,180.00,185.50,173.00,173.00,-8.00,643,126812112
108/05/31,288402,173.50,177.50,173.00,175.00,+2.00,286,50509654
108/06/03,386495,175.00,175.00,167.00,169.00,-6.00,359,65503630
108/06/04,181804,171.00,172.00,169.50,169.50,+0.50,177,30996788
108/06/05,160012,172.00,172.00,168.00,168.00,-1.50,150,27133564
108/06/06,97611,169.00,171.00,168.50,168.50,+0.50,93,16541672
108/06/10,65311,170.00,171.50,170.00,171.00,+2.50,71,11147492
108/06/11,286851,172.00,178.50,171.50,173.50,+2.50,277,50164496
108/06/12,139267,174.50,176.00,171.50,171.50,-2.00,131,24151557
108/06/13,44550,172.00,174.00,171.50,173.00,+1.50,49,7701200
108/06/14,129379,174.00,175.50,173.00,175.00,+2.00,115,22584704
108/06/17,236258,176.00,179.50,175.50,178.50,+3.50,225,42123550
108/06/18,91084,178.50,178.50,173.50,174.50,-4.00,87,16012452
108/06/19,96100,176.50,177.00,174.00,176.00,+1.50,92,16879700
108/06/20,113300,175.00,176.50,174.00,175.50,-0.50,106,19828100
108/06/21,143322,177.00,177.00,172.50,172.50,-3.00,117,24935350
108/06/24,78401,172.50,174.00,171.50,173.00,+0.50,78,13514274
108/06/25,101004,173.00,173.00,170.50,170.50,-2.50,94,17283688
108/06/26,18300,170.50,173.00,170.50,172.00,+1.50,21,3142750
108/06/27,74582,172.00,175.50,172.00,175.00,+3.00,86,12971768
108/06/28,179230,176.50,177.00,175.00,177.00,+2.00,161,31640555
108/07/01,223050,178.50,180.50,175.00,178.50,+1.50,199,39584900
108/07/02,355232,178.50,183.50,177.00,181.00,+2.50,327,64393839
108/07/03,1002120,189.50,191.00,184.50,184.50,+3.50,873,187800580
108/07/04,391357,186.00,188.50,184.00,186.00,+1.50,345,72834902
108/07/05,309114,186.00,191.50,185.50,189.00,+3.00,269,58448046
108/07/08,669468,192.50,197.00,191.50,194.00,+5.00,567,130155824
108/07/09,1168600,196.00,203.00,195.50,199.50,+5.50,1057,233910400
108/07/10,819088,205.00,207.00,197.00,197.00,-2.50,758,164868836
108/07/11,386414,202.50,203.00,197.00,197.50,+0.50,353,77203972
108/07/12,201765,201.00,201.00,197.00,198.00,+0.50,185,40010352
108/07/15,728042,202.50,205.50,201.00,204.50,+6.50,593,148413068
108/07/16,399733,204.00,205.00,202.50,203.50,-1.00,336,81669299
108/07/17,634687,203.50,205.50,201.50,204.50,+1.00,472,129505648
108/07/18,796192,192.00,195.00,185.50,185.50,,639,151985613
108/07/19,288536,186.50,187.50,182.50,183.50,-2.00,259,53340124
108/07/22,236892,185.00,192.00,185.00,188.50,+5.00,228,44751696
108/07/23,89515,190.00,190.50,187.00,187.00,-1.50,94,16844820
108/07/24,105312,188.00,188.50,186.00,186.50,-0.50,93,19644344
108/07/25,204854,187.00,190.00,185.00,189.50,+3.00,179,38408833
108/07/26,906715,195.00,200.00,193.00,193.00,+3.50,811,178234066
108/07/29,192753,194.00,196.00,191.00,191.00,-2.00,179,37169323
108/07/30,286615,192.00,193.00,183.50,183.50,-7.50,261,53323235
108/07/31,61015,183.50,185.50,183.50,184.00,+0.50,62,11242312
108/08/01,167860,182.50,185.00,181.50,185.00,+1.00,153,30708600
108/08/02,216011,182.50,183.00,179.50,181.50,-3.50,202,39162046
108/08/05,77213,183.00,183.00,179.00,180.00,-1.50,61,13919266
108/08/06,305350,178.00,182.00,171.00,180.00,0.00,158,54537200
108/08/07,100341,181.00,182.50,179.50,180.50,+0.50,90,18100062
108/08/08,169310,182.50,185.50,180.50,185.50,+5.00,159,31046780
108/08/12,342700,190.00,191.00,184.00,184.00,-1.50,305,64372400
108/08/13,88736,184.00,185.00,181.00,181.00,-3.00,86,16148688
108/08/14,118050,184.50,187.00,182.00,182.00,+1.00,118,21681100
108/08/15,158050,177.00,179.50,175.50,178.00,-4.00,149,28064550
108/08/16,145600,180.50,181.50,178.50,180.50,+2.50,123,26209700
108/08/19,324204,182.00,186.50,181.00,186.50,+6.00,299,59698043
108/08/20,131001,188.00,188.00,184.00,185.50,-1.00,103,24336188
108/08/21,115372,186.00,186.00,183.00,183.00,-2.50,119,21226704
108/08/22,91514,184.00,184.00,181.00,181.50,-1.50,98,16662789
108/08/23,323157,182.50,189.50,181.00,189.00,+7.50,301,60034091
108/08/26,291117,186.00,186.50,183.00,185.00,-4.00,258,53849645
108/08/27,1457284,187.00,200.00,187.00,195.50,+10.50,1230,286114096
108/08/28,659067,202.00,203.50,195.50,196.00,+0.50,600,131449132
108/08/29,2092177,196.00,214.50,196.00,212.00,+16.00,1932,434271734
108/08/30,870804,216.00,216.00,206.50,209.50,-2.50,860,184038036
108/09/02,1613758,211.00,224.00,209.00,217.00,+7.50,1527,354717228
108/09/03,574059,218.50,222.00,212.50,215.50,-1.50,592,124318700
108/09/04,497632,216.00,221.50,214.50,221.50,+6.00,497,108903040
108/09/05,422794,222.50,223.00,217.00,217.00,-4.50,399,92766004
108/09/06,568203,219.50,219.50,209.50,210.50,-6.50,536,120402726
108/09/09,318063,215.00,217.50,212.00,213.00,+2.50,317,68354886
108/09/10,243801,213.00,217.00,209.50,217.00,+4.00,251,52133016
108/09/11,1117935,219.50,224.50,215.50,219.50,+2.50,1017,246726223
108/09/12,1684949,222.00,234.00,219.00,228.00,+8.50,1477,383464889
108/09/16,1236146,229.00,239.00,225.00,225.50,-2.50,1171,285612415
108/09/17,330181,224.00,229.50,223.00,223.00,-2.50,327,74285363
108/09/18,381059,228.50,228.50,220.00,222.50,-0.50,361,85114619
108/09/19,194491,222.50,224.50,221.00,221.50,-1.00,181,43157511
108/09/20,192185,220.50,224.50,220.00,224.50,+3.00,207,42801255
108/09/23,703142,228.00,233.50,221.00,221.00,-3.50,635,160246382
108/09/24,411125,221.00,221.00,216.00,216.00,-5.00,386,89493125
108/09/25,524727,215.00,215.00,204.50,206.00,-10.00,491,109571117
108/09/26,227860,209.00,211.50,205.50,209.00,+3.00,236,47401240
108/09/27,540867,210.00,210.00,198.00,201.50,-7.50,472,109578368
108/10/01,206827,203.50,205.00,201.00,202.50,+1.00,203,42051294
108/10/02,108433,201.50,205.00,201.00,204.50,+2.00,117,22076832
108/10/03,183853,204.00,204.00,201.50,201.50,-3.00,165,37177659
108/10/04,217482,202.50,202.50,198.50,199.00,-2.50,209,43396900
108/10/07,227591,200.00,207.50,199.50,206.00,+7.00,222,46606655
108/10/08,276488,206.00,210.50,204.00,204.00,-2.00,257,57208552
108/10/09,443110,203.00,203.00,194.50,197.50,-6.50,403,87628280
108/10/14,339012,200.00,200.00,191.50,192.50,-5.00,328,65679819
108/10/15,430031,191.50,191.50,185.50,189.50,-3.00,385,81116403
108/10/16,181260,190.50,192.00,187.50,190.00,+0.50,162,34488160
108/10/17,394480,190.50,196.50,190.50,192.50,+2.50,334,76465140
108/10/18,520081,193.50,197.00,189.00,189.00,-3.50,488,100006390
108/10/21,105370,191.50,191.50,188.50,190.00,+1.00,106,20019983
108/10/22,255388,190.00,191.00,186.50,187.50,-2.50,232,48027332
108/10/23,191400,187.50,188.50,185.50,187.50,0.00,171,35805600
108/10/24,249330,187.50,190.50,187.00,190.00,+2.50,235,47002700
108/10/25,250010,190.00,191.00,186.50,187.00,-3.00,227,47039380
108/10/28,227277,187.00,187.50,185.00,185.00,-2.00,211,42271799
108/10/29,288451,187.00,187.50,182.50,183.50,-1.50,249,53285435
108/10/30,171742,184.50,189.00,184.50,187.00,+3.50,172,32115123
108/10/31,222351,187.50,190.00,184.00,185.50,-1.50,202,41495311
108/11/01,237480,185.00,190.50,185.00,190.50,+5.00,215,44888080
108/11/04,305150,190.50,192.00,187.50,188.00,-2.50,277,57585600
108/11/05,177554,189.50,191.00,188.50,189.50,+1.50,179,33784314
108/11/06,468696,192.50,192.50,184.00,184.50,-5.00,439,87668997
108/11/07,392150,185.00,186.00,180.00,180.00,-4.50,354,71199800
108/11/08,210180,180.00,181.50,176.00,181.00,+1.00,202,37675940
108/11/11,143754,178.00,178.50,176.50,177.50,-3.50,149,25534842
108/11/12,129318,181.00,182.00,178.50,179.00,+1.50,126,23270240
108/11/13,260437,180.00,180.00,175.50,175.50,-3.50,243,46122786
108/11/14,198084,176.00,176.00,173.00,174.00,-1.50,172,34501700
108/11/15,150206,175.00,176.50,173.50,176.00,+2.00,140,26290256
108/11/18,165900,177.00,178.50,173.50,177.50,+1.50,163,29136247
108/11/19,255740,177.50,181.00,175.00,178.00,+0.50,239,45706220
108/11/20,475500,178.50,184.00,178.00,183.00,+5.00,435,86067500
108/11/21,368153,183.00,183.00,178.00,179.00,-4.00,326,66240346
108/11/22,163052,179.50,181.00,177.00,177.00,-2.00,163,29098780
108/11/25,156022,179.00,179.00,176.00,176.00,-1.00,146,27552938
108/11/26,197713,176.50,178.50,175.50,175.50,-0.50,187,34890201
108/11/27,141697,176.00,178.00,175.50,177.50,+2.00,140,25001216
108/11/28,133350,177.00,177.50,175.50,176.50,-1.00,138,23508274
108/11/29,202773,177.00,177.50,175.50,176.50,0.00,184,35788321
108/12/02,153481,176.50,176.50,173.50,176.00,-0.50,145,26823895
108/12/03,241473,174.50,177.00,173.50,174.50,-1.50,183,42201010
108/12/04,350555,173.50,174.00,169.50,170.00,-4.50,306,59966905
108/12/05,201301,170.50,172.00,169.00,170.00,0.00,181,34221619
108/12/06,827047,170.50,182.00,170.50,179.00,+9.00,756,147702007
108/12/09,235383,180.00,181.00,177.50,179.00,0.00,224,42067674
108/12/10,177950,178.00,178.00,175.50,176.00,-3.00,170,31378700
108/12/11,304418,176.00,181.00,176.00,177.50,+1.50,294,54485486
108/12/12,230847,177.50,177.50,174.50,175.50,-2.00,219,40542648
108/12/13,140100,177.00,177.00,174.50,175.00,-0.50,122,24639100
108/12/16,158106,175.00,180.00,174.50,178.50,+3.50,162,28071919
108/12/17,134591,180.00,180.00,176.50,177.50,-1.00,131,23933900
108/12/18,142397,178.50,178.50,176.00,176.00,-1.50,116,25197966
108/12/19,148393,176.50,179.00,176.00,177.50,+1.50,142,26333863
108/12/20,166800,177.00,178.50,174.50,175.00,-2.50,161,29360100
108/12/23,136287,175.00,175.50,172.00,172.00,-3.00,124,23669151
108/12/24,62285,172.00,173.00,171.50,172.50,+0.50,66,10750365
108/12/25,76070,174.00,174.50,172.50,174.50,+2.00,76,13199765
108/12/26,77174,175.00,175.00,173.00,173.00,-1.50,81,13409861
108/12/27,131856,174.50,174.50,172.50,172.50,-0.50,132,22842588
108/12/30,98360,174.00,175.50,173.50,175.00,+2.50,99,17169140
108/12/31,81604,174.50,175.00,173.50,174.50,-0.50,81,14223804
109/01/02,147180,175.00,177.50,174.00,176.00,+1.50,144,25933680
109/01/03,567578,177.50,181.50,176.00,181.00,+5.00,511,101814118
109/01/06,309206,182.00,182.00,177.50,177.50,-3.50,235,55371374
109/01/07,148200,178.00,178.50,176.00,177.00,-0.50,103,26247900
109/01/08,323974,176.00,176.00,172.00,172.00,-5.00,265,56129528
109/01/09,83028,173.00,175.00,173.00,174.00,+2.00,80,14441440
109/01/10,179315,174.00,175.50,171.50,171.50,-2.50,170,30898995
109/01/13,573525,175.00,181.00,175.00,180.00,+8.50,491,102662000
109/01/14,228921,181.50,181.50,177.50,179.00,-1.00,165,40974859
109/01/15,670693,179.50,188.00,178.00,184.00,+5.00,619,123279705
109/01/16,457150,185.00,189.00,182.00,182.00,-2.00,413,84591450
109/01/17,357355,185.50,186.50,182.00,182.00,0.00,311,65808965
109/01/20,171726,184.00,184.00,180.00,180.00,-2.00,172,31134680
109/01/30,797259,169.00,169.00,162.00,165.00,-15.00,589,129974476
109/01/31,333291,164.50,166.50,161.00,166.50,+1.50,282,54479806
109/02/03,383525,157.50,160.00,151.50,157.00,-9.50,312,59605707
109/02/04,191219,158.50,161.00,157.00,158.00,+1.00,182,30474821
109/02/05,129727,160.00,160.00,156.00,156.00,-2.00,129,20437866
109/02/06,109020,157.00,159.00,156.00,157.50,+1.50,106,17181700
109/02/07,153196,158.00,158.00,155.00,155.00,-2.50,139,23908563
109/02/10,255796,152.00,153.00,150.00,152.00,-3.00,217,38737376
109/02/11,144530,152.50,154.00,151.50,152.50,+0.50,142,22011852
109/02/12,89530,153.50,155.50,153.00,155.00,+2.50,105,13853180
109/02/13,159250,155.50,158.00,154.00,155.00,0.00,158,24841750
109/02/14,130250,155.00,155.00,153.00,154.50,-0.50,125,20052621
109/02/17,93765,153.50,153.50,152.00,152.00,-2.50,110,14309922
109/02/18,66737,152.50,153.50,151.50,152.50,+0.50,90,10177885
109/02/19,60355,152.50,153.50,152.00,153.00,+0.50,67,9211990
109/02/20,113343,153.50,156.50,153.50,154.00,+1.00,125,17566165
109/02/21,223308,154.50,159.00,154.50,157.00,+3.00,215,35156664
109/02/24,54929,157.00,157.00,155.00,156.00,-1.00,71,8560995
109/02/25,95148,151.50,154.00,151.50,154.00,-2.00,111,14531504
109/02/26,68126,153.50,153.50,152.00,152.00,-2.00,74,10411404
109/02/27,211213,152.00,152.00,148.50,149.50,-2.50,194,31730050
109/03/02,253512,145.00,146.00,143.50,146.00,-3.50,185,36740276
109/03/03,163341,149.50,149.50,146.00,146.00,0.00,172,23981627
109/03/04,153381,146.00,146.00,142.00,145.00,-1.00,147,22011507
109/03/05,78178,146.50,148.00,145.00,145.50,+0.50,93,11451344
109/03/06,128618,144.50,145.50,142.50,143.00,-2.50,165,18448374
109/03/09,466306,141.00,141.00,129.50,134.50,-8.50,428,63266145
109/03/10,249787,131.50,135.00,127.00,135.00,+0.50,289,32472245
109/03/11,212512,135.50,137.00,130.00,132.50,-2.50,231,28160096
109/03/12,612507,130.00,130.00,119.50,119.50,-13.00,463,74168340
109/03/13,434667,108.50,118.00,108.00,118.00,-1.50,365,47704025
109/03/16,360631,113.00,115.00,106.50,106.50,-11.50,345,39032186
109/03/17,365723,100.00,102.00,95.90,95.90,-10.60,347,35703499
109/03/18,884268,97.90,97.90,87.50,96.00,+0.10,819,80967434
109/03/19,797143,91.20,96.00,86.80,96.00,0.00,688,72634419
109/03/20,521196,98.00,100.50,94.80,94.80,-1.20,495,50793544
109/03/23,158384,87.30,91.60,87.00,88.80,-6.00,196,14070380
109/03/24,244745,90.50,95.80,90.50,95.50,+6.70,327,22917075
109/03/25,276527,99.90,101.50,98.60,98.60,+3.10,279,27520300
109/03/26,192053,101.00,101.00,97.20,98.60,0.00,211,18943747
109/03/27,607538,100.00,106.50,99.50,101.50,+2.90,492,62398387
109/03/30,329803,98.70,98.70,95.50,96.30,-5.20,304,31832972
109/03/31,196795,97.60,98.20,94.50,94.60,-1.70,175,18937757
109/04/01,146515,94.70,96.50,94.60,94.60,0.00,141,13981379
109/04/06,203647,93.20,96.60,92.80,95.50,+0.90,204,19258412
109/04/07,437497,98.00,101.00,97.60,99.90,+4.40,393,43485435
109/04/08,509136,99.90,106.50,99.90,106.00,+6.10,426,52693416
109/04/09,312361,107.50,109.00,103.50,104.00,-2.00,296,33085722
109/04/10,120162,104.00,106.50,104.00,104.50,+0.50,117,12598672
109/04/13,275687,103.00,105.50,99.60,103.00,-1.50,256,28149161
109/04/14,448812,104.00,109.50,104.00,108.50,+5.50,398,48118084
109/04/15,326041,109.50,112.50,108.00,109.00,+0.50,281,35832111
109/04/16,164188,107.00,108.50,106.00,107.00,-2.00,156,17619579
109/04/17,377488,109.00,112.00,104.50,105.00,-2.00,343,40712192
109/04/20,106792,106.50,106.50,104.00,105.50,+0.50,100,11229347
109/04/21,282246,105.50,106.50,101.00,101.50,-4.00,235,29399584
109/04/22,189435,100.50,103.00,99.60,102.50,+1.00,191,19062778
109/04/23,102090,103.50,104.50,102.00,102.00,-0.50,92,10479040
109/04/24,82343,102.00,104.00,102.00,103.00,+1.00,78,8494672
109/04/27,145151,104.00,106.50,103.50,106.00,+3.00,138,15331308
109/04/28,1093418,107.00,116.50,106.50,116.50,+10.50,846,124834194
109/04/29,1231296,118.00,122.50,117.00,117.00,+0.50,999,147123428
109/04/30,430726,118.00,120.00,117.00,119.00,+2.00,347,50934120
109/05/04,258674,116.50,116.50,113.00,114.50,-4.50,207,29741510
109/05/05,312007,115.00,117.50,113.50,113.50,-1.00,252,36048340
109/05/06,257454,114.00,118.50,113.00,116.00,+2.50,232,29927845
109/05/07,126506,117.50,118.00,116.00,117.00,+1.00,135,14800202
109/05/08,544701,118.00,122.50,117.50,118.00,+1.00,449,65330527
109/05/11,223941,118.00,118.00,115.00,117.00,-1.00,199,26195064
109/05/12,143120,119.00,119.00,117.50,117.50,+0.50,144,16904097
109/05/13,1064321,116.00,127.50,116.00,123.00,+5.50,849,131319141
109/05/14,451727,120.00,124.00,117.50,117.50,-5.50,403,54589513
109/05/15,288421,117.50,120.00,115.00,115.00,-2.50,267,33711415
109/05/18,73623,116.00,117.00,115.00,116.00,+1.00,69,8549268
109/05/19,115300,121.00,121.00,116.50,117.00,+1.00,114,13673900
109/05/20,90576,117.00,118.50,116.00,116.50,-0.50,89,10585603
109/05/21,87830,118.00,118.00,116.50,118.00,+1.50,90,10318940
109/05/22,105350,118.00,118.00,114.50,114.50,-3.50,98,12241250
109/05/25,127409,114.50,115.50,112.50,115.00,+0.50,112,14555035
109/05/26,108640,116.00,117.00,115.00,115.00,0.00,103,12586880
109/05/27,155985,117.00,119.00,117.00,118.00,+3.00,142,18394140
109/05/28,234575,120.00,120.00,116.00,119.00,+1.00,205,27723425
109/05/29,486808,119.00,124.50,119.00,121.50,+2.50,423,59365168
109/06/01,148239,122.00,123.50,121.00,121.00,-0.50,140,18097537
109/06/02,118643,122.00,122.00,120.00,121.50,+0.50,102,14364122
109/06/03,159587,123.00,125.00,122.00,122.50,+1.00,158,19682788
109/06/04,210767,123.50,124.50,120.50,122.00,-0.50,187,25709456
109/06/05,212930,122.50,124.00,121.00,123.50,+1.50,189,26189890
109/06/08,178969,124.50,126.50,123.00,123.00,-0.50,187,22206662
109/06/09,106757,123.50,123.50,121.00,121.00,-2.00,100,13038854
109/06/10,84450,121.00,121.50,119.50,120.50,-0.50,83,10188500
109/06/11,290364,120.50,121.50,114.50,116.00,-4.50,252,34044905
109/06/12,197359,112.00,113.50,110.50,112.50,-3.50,187,22101567
109/06/15,115208,113.50,113.50,110.50,111.50,-1.00,105,12920004
109/06/16,67530,111.50,114.00,111.50,113.50,+2.00,68,7649655
109/06/17,117870,114.00,114.00,111.50,112.00,-1.50,109,13222440
109/06/18,216635,112.00,117.50,111.50,116.00,+4.00,169,24823474
109/06/19,128101,116.00,117.00,113.00,113.00,-3.00,112,14715615
109/06/22,121398,113.00,113.00,111.50,113.00,0.00,115,13669076
109/06/23,52157,113.50,113.50,112.00,112.00,-1.00,50,5878741
109/06/24,157861,112.00,112.50,109.50,111.50,-0.50,141,17519432
109/06/29,152777,109.00,109.50,107.00,107.50,-4.00,145,16508526
109/06/30,50233,109.00,109.00,108.00,108.00,+0.50,56,5445277
109/07/01,90350,109.50,109.50,107.50,108.50,+0.50,82,9781973
109/07/02,73497,109.00,109.50,108.00,108.50,0.00,78,7982170
109/07/03,103812,110.00,110.50,109.00,110.00,+1.50,99,11393320
109/07/06,145041,111.00,111.50,109.00,109.50,-0.50,123,15964051
109/07/07,111951,111.00,111.50,109.00,109.00,-0.50,113,12262133
109/07/08,116621,107.50,110.00,107.50,108.50,-0.50,95,12683376
109/07/09,219916,110.00,112.50,108.50,112.00,+3.50,203,24313676
109/07/10,140359,112.00,112.00,108.50,109.50,-2.50,116,15380490
109/07/13,79716,109.50,111.00,109.00,109.50,0.00,83,8785899
109/07/14,73840,109.00,110.00,108.50,108.50,-1.00,69,8056639
109/07/15,153074,109.00,110.00,108.00,108.50,0.00,113,16662992
109/07/16,102460,109.50,111.00,109.50,110.00,+1.50,97,11301100
109/07/17,121271,111.00,112.50,109.50,110.50,+0.50,103,13445944
109/07/20,743368,112.50,120.00,112.50,117.00,+6.50,634,86798056
109/07/21,283645,118.50,119.00,115.50,116.00,-1.00,212,33225642
109/07/22,167881,116.50,118.00,115.00,115.50,-0.50,109,19497196
109/07/23,272901,116.00,116.50,114.00,116.00,+0.50,212,31519516
109/07/24,479275,114.00,114.00,109.50,111.00,,315,53546159
109/07/27,668599,111.00,111.00,100.50,110.50,-0.50,551,70438390
109/07/28,436602,110.50,113.50,108.50,110.50,0.00,361,48468220
109/07/29,231243,110.00,111.50,108.00,110.00,-0.50,217,25283487
109/07/30,68493,111.00,111.00,109.00,109.00,-1.00,70,7495244
109/07/31,89808,109.50,109.50,108.00,108.00,-1.00,76,9729264
109/08/03,269195,109.50,112.00,109.50,110.00,+2.00,210,29831450
109/08/04,68108,110.00,111.00,110.00,110.00,0.00,50,7514988
109/08/05,110900,110.00,110.00,108.50,110.00,0.00,88,12123100
109/08/06,92510,110.00,110.50,108.50,110.00,0.00,73,10129590
109/08/07,80263,110.00,110.50,109.00,109.00,-1.00,58,8820535
109/08/10,128979,109.50,110.00,108.50,109.00,0.00,114,14065211
109/08/11,222380,109.00,109.50,107.50,108.50,-0.50,153,24175040
109/08/12,159520,108.50,108.50,107.00,107.50,-1.00,78,17225160
109/08/13,132380,108.00,108.00,106.50,107.00,-0.50,74,14175160
109/08/14,47230,106.50,107.00,106.00,106.50,-0.50,49,5023380
109/08/17,110118,106.00,106.50,105.00,106.00,-0.50,102,11632626
109/08/18,65150,107.50,107.50,105.50,107.00,+1.00,48,6917550
109/08/19,68174,107.00,107.00,105.50,105.50,-1.50,62,7235944
109/08/20,150229,104.50,105.00,102.00,105.00,-0.50,133,15521929
109/08/21,60073,104.50,105.50,103.50,105.00,0.00,59,6275665
109/08/24,31376,105.00,105.00,103.50,105.00,0.00,44,3272356
109/08/25,109954,105.00,105.50,103.00,103.50,-1.50,98,11441762
109/08/26,125287,104.00,105.50,103.50,105.00,+1.50,94,13090490
109/08/27,78102,106.00,106.50,104.50,104.50,-0.50,78,8242608
109/08/28,38532,106.00,106.00,104.50,104.50,0.00,43,4050093
109/08/31,39019,105.50,105.50,104.00,105.00,+0.50,34,4087995
109/09/01,46525,105.00,105.00,104.00,104.00,-1.00,23,4846125
109/09/02,26190,104.50,105.00,103.50,105.00,+1.00,79,2730450
109/09/03,53780,105.50,106.50,105.50,106.00,+1.00,64,5694785
109/09/04,44157,104.00,105.50,103.50,105.00,-1.00,44,4630485
109/09/07,31119,104.00,104.50,103.50,103.50,-1.50,30,3237376
109/09/08,46655,105.00,105.00,102.50,102.50,-1.00,54,4819310
109/09/09,24040,102.50,103.00,102.00,102.50,0.00,28,2463139
109/09/10,30297,103.00,103.00,101.50,102.50,0.00,36,3100237
109/09/11,203078,103.50,106.00,102.50,103.00,+0.50,161,21142190
109/09/14,43110,103.00,104.00,102.00,102.50,-0.50,46,4422940
109/09/15,125447,102.50,103.00,101.00,103.00,+0.50,115,12780041
109/09/16,60568,102.00,103.00,102.00,103.00,0.00,59,6193640
109/09/17,62150,103.00,103.00,101.00,102.50,-0.50,45,6331674
109/09/18,58057,103.00,103.00,101.50,101.50,-1.00,66,5928283
109/09/21,131760,102.00,105.50,102.00,104.50,+3.00,102,13685040
109/09/22,57227,104.50,105.00,103.50,105.00,+0.50,49,5978835
109/09/23,29011,105.50,105.50,103.50,103.50,-1.50,29,3033649
109/09/24,138050,103.00,105.00,102.00,104.00,+0.50,84,14263650
109/09/25,139337,103.50,103.50,99.50,102.00,-2.00,106,14043074
109/09/28,122786,102.00,102.00,99.00,99.00,-3.00,89,12263119
109/09/29,64100,99.90,100.00,99.40,99.60,+0.60,56,6387900
109/09/30,25000,99.60,100.50,99.40,100.00,+0.40,18,2492200
109/10/05,112296,99.30,99.50,97.80,98.90,-1.10,132,11040052
109/10/06,26017,98.90,99.70,98.90,99.20,+0.30,26,2580794
109/10/07,41750,99.00,99.70,98.00,99.70,+0.50,51,4130869
109/10/08,151100,99.80,102.50,99.00,101.00,+1.30,135,15280500
109/10/12,86162,101.00,102.00,100.00,100.50,-0.50,55,8676442
109/10/13,40268,100.00,100.00,99.00,100.00,-0.50,41,4002768
109/10/14,15501,99.30,100.00,99.00,99.80,-0.20,20,1543798
109/10/15,59172,100.00,102.00,99.80,101.50,+1.70,64,5960801
109/10/16,504750,103.50,107.50,103.50,104.00,+2.50,438,53232000
109/10/19,136120,104.50,104.50,101.00,101.50,-2.50,115,13876360
109/10/20,82000,103.00,103.00,101.00,102.00,+0.50,62,8345500
109/10/21,171509,105.50,105.50,102.00,102.00,0.00,153,17773918
109/10/22,81370,102.00,102.00,100.00,100.00,-2.00,86,8186000
109/10/23,47120,99.50,101.50,99.50,101.50,+1.50,41,4735040
109/10/26,82361,102.00,102.00,100.00,100.00,-1.50,70,8288462
109/10/27,73083,100.00,101.50,99.30,101.00,+1.00,50,7340000
109/10/28,56094,101.50,101.50,99.50,100.00,-1.00,54,5602039
109/10/29,47522,99.00,99.70,98.80,99.20,-0.80,49,4711984
109/10/30,40406,99.30,99.50,98.60,99.50,+0.30,51,4006300
109/11/02,46972,100.00,100.00,99.50,99.80,+0.30,42,4693547
109/11/03,94084,101.00,101.00,99.60,99.90,+0.10,84,9416966
109/11/04,45320,100.50,100.50,99.90,100.00,+0.10,44,4534610
109/11/05,44458,100.00,100.50,99.70,100.50,+0.50,45,4447108
109/11/06,38010,100.50,100.50,99.90,100.50,0.00,32,3805104
109/11/09,108636,101.00,102.00,100.50,101.50,+1.00,87,10995104
109/11/10,1343737,109.50,111.50,109.00,111.50,+10.00,782,149458544
109/11/11,621933,112.00,113.50,106.00,112.50,+1.00,551,69075010
109/11/12,298152,112.50,112.50,109.00,110.00,-2.50,174,32836020
109/11/13,286449,108.50,111.50,107.00,108.50,-1.50,217,31143296
109/11/16,128275,108.50,109.00,107.00,108.00,-0.50,96,13874117
109/11/17,198322,111.00,111.50,108.00,108.00,0.00,172,21715885
109/11/18,77480,110.00,110.00,108.50,109.00,+1.00,80,8437752
109/11/19,428927,109.00,113.00,108.50,112.00,+3.00,368,47778310
109/11/20,615869,112.00,120.00,111.50,116.50,+4.50,510,71577286
109/11/23,545983,117.50,120.00,116.50,117.00,+0.50,464,64557917
109/11/24,171548,117.50,118.00,115.00,115.00,-2.00,162,19910345
109/11/25,211430,116.50,117.00,114.50,115.50,+0.50,184,24417542
109/11/26,320361,115.50,120.00,115.50,116.50,+1.00,247,37699413
109/11/27,891227,117.50,123.50,117.50,121.50,+5.00,713,108108359
109/11/30,856092,123.50,127.50,123.50,124.50,+3.00,594,106846071
109/12/01,354641,125.00,127.00,123.00,123.50,-1.00,300,44240892
109/12/02,350027,123.50,124.00,121.00,122.00,-1.50,268,42862941
109/12/03,197699,124.00,125.50,123.00,123.50,+1.50,161,24515231
109/12/04,511205,125.00,125.00,118.00,118.00,-5.50,406,61423810
109/12/07,399721,119.00,119.00,115.00,115.00,-3.00,329,46515174
109/12/08,231143,115.00,117.50,114.00,114.50,-0.50,192,26649467
109/12/09,407419,114.00,114.00,111.00,111.50,-3.00,337,45715000
109/12/10,188491,110.50,113.50,110.00,113.00,+1.50,163,21069175
109/12/11,300925,111.50,113.00,108.50,110.50,-2.50,245,33282629
109/12/14,187954,110.50,114.00,110.50,111.50,+1.00,158,21083777
109/12/15,163160,111.50,111.50,109.00,109.50,-2.00,131,17905832
109/12/16,181304,110.00,111.50,109.00,110.00,+0.50,137,19934942
109/12/17,150182,111.50,113.00,110.50,110.50,+0.50,136,16766139
109/12/18,219445,112.00,114.00,110.50,111.00,+0.50,178,24500263
109/12/21,629449,115.50,118.50,112.50,112.50,+1.50,494,72596170
109/12/22,336419,112.00,113.00,109.50,109.50,-3.00,231,37226778
109/12/23,132754,110.00,110.50,109.00,110.00,+0.50,111,14545551
109/12/24,92505,109.50,111.50,109.50,110.50,+0.50,78,10204466
109/12/25,123256,110.50,112.50,110.50,111.50,+1.00,90,13717047
109/12/28,167408,112.00,112.00,109.50,112.00,+0.50,138,18554846
109/12/29,139163,112.00,113.00,111.00,112.00,0.00,110,15598256
109/12/30,381203,112.00,116.50,111.50,113.50,+1.50,300,43599997
109/12/31,136591,115.50,116.00,113.00,113.00,-0.50,114,15568024
110/01/04,141656,113.50,113.50,111.50,111.50,-1.50,112,15897381
110/01/05,252249,111.00,111.00,109.50,109.50,-2.00,196,27793998
110/01/06,332016,109.50,111.00,108.00,108.00,-1.50,218,36215755
110/01/07,111877,109.50,109.50,106.50,107.50,-0.50,109,12060654
110/01/08,133266,108.00,108.00,105.00,106.50,-1.00,147,14150650
110/01/11,153112,106.50,106.50,104.00,105.00,-1.50,153,16070404
110/01/12,187094,104.00,105.00,102.00,103.00,-2.00,190,19328934
110/01/13,156343,103.00,104.00,101.50,101.50,-1.50,154,16046625
110/01/14,358169,102.50,106.50,102.00,102.00,+0.50,277,37138125
110/01/15,215825,103.50,105.00,100.50,104.00,+2.00,178,22225324
110/01/18,166248,105.00,105.50,103.00,104.50,+0.50,121,17285861
110/01/19,88360,104.00,104.50,102.50,102.50,-2.00,74,9118178
110/01/20,318342,102.50,103.00,99.50,100.50,-2.00,194,32041195
110/01/21,136874,101.50,103.50,100.50,101.00,+0.50,127,13933986
110/01/22,100458,102.00,102.00,100.00,101.50,+0.50,85,10172276
110/01/25,112385,102.00,102.00,99.70,100.00,-1.50,114,11294614
110/01/26,155595,100.00,101.00,99.80,100.00,0.00,140,15551857
110/01/27,265748,100.00,101.50,99.30,100.00,0.00,194,26546658
110/01/28,205761,99.90,102.00,99.20,100.00,0.00,177,20586525
110/01/29,248278,100.50,100.50,98.80,100.00,0.00,202,24639972
110/02/01,80230,100.00,100.50,99.30,100.00,0.00,81,8009872
110/02/02,107317,100.50,101.50,99.70,99.80,-0.20,107,10753855
110/02/03,156436,99.90,100.00,98.70,99.00,-0.80,143,15538559
110/02/04,106129,99.00,99.20,98.10,99.00,0.00,112,10474704
110/02/05,145656,100.00,100.00,97.80,98.00,-1.00,159,14343574
110/02/17,248523,100.00,101.00,98.70,99.40,+1.40,199,24750408
110/02/18,156235,99.80,99.80,98.90,99.80,+0.40,176,15512163
110/02/19,654977,99.50,106.50,99.50,105.50,+5.70,553,67691052
110/02/22,788534,105.50,112.00,104.00,109.00,+3.50,643,85828267
110/02/23,620349,109.50,114.00,109.00,110.00,+1.00,484,69222751
110/02/24,341046,112.00,112.50,108.00,108.50,-1.50,289,37350340
110/02/25,410505,110.50,114.50,109.00,112.50,+4.00,365,45977235
110/02/26,436493,112.50,116.00,111.00,114.00,+1.50,391,49887454
110/03/02,304999,115.00,118.00,113.50,113.50,-0.50,346,35253475
110/03/03,137644,114.50,114.50,112.50,113.00,-0.50,166,15639792
110/03/04,103775,113.00,115.00,112.50,113.50,+0.50,148,11775970
110/03/05,157802,112.00,114.50,112.00,114.50,+1.00,200,17936638
110/03/08,1030088,116.00,123.00,116.00,119.00,+4.50,965,123808429
110/03/09,2316662,128.50,130.50,124.00,130.50,+11.50,1409,297207493
110/03/10,2715370,129.50,133.50,123.00,133.50,+3.00,2005,348008606
110/03/11,878507,130.00,133.00,128.50,129.50,-4.00,804,114675574
110/03/12,1257416,127.00,136.50,124.50,133.00,+3.50,1077,164005961
110/03/15,1851620,133.00,145.00,131.50,139.50,+6.50,1722,257208899
110/03/16,991855,139.50,142.50,138.00,142.00,+2.50,934,139152882
110/03/17,1066826,143.50,144.50,139.00,140.00,-2.00,979,151127493
110/03/18,1017385,143.00,147.50,140.50,145.50,+5.50,852,147076882
110/03/19,759710,144.50,146.50,141.00,141.50,-4.00,725,108706117
110/03/22,1191719,140.00,140.00,134.50,137.00,-4.50,1042,163083519
110/03/23,316842,138.50,140.00,135.50,136.50,-0.50,304,43490717
110/03/24,441937,136.00,139.50,135.00,135.00,-1.50,460,60392030
110/03/25,651579,137.50,142.00,136.00,141.50,+6.50,626,91210425
110/03/26,1933563,143.00,148.00,133.50,134.00,-7.50,1625,269822270
110/03/29,517680,134.50,135.50,131.50,133.50,-0.50,517,69272164
110/03/30,438811,134.00,137.00,133.50,134.00,+0.50,401,59238805
110/03/31,312602,135.50,135.50,133.50,134.00,0.00,307,41948841
110/04/01,580439,134.00,139.50,133.50,137.50,+3.50,505,79248227
110/04/06,339794,139.50,139.50,137.00,138.00,+0.50,346,46835717
110/04/07,460912,139.00,139.00,134.00,134.00,-4.00,435,62506135
110/04/08,436407,134.00,137.00,134.00,134.50,+0.50,365,58981132
110/04/09,292539,136.00,136.50,133.50,135.00,+0.50,277,39540172
110/04/12,933691,136.00,136.00,127.00,128.00,-7.00,769,121345356
110/04/13,260113,129.00,131.00,127.00,129.00,+1.00,248,33530590
110/04/14,478783,130.50,130.50,119.00,126.00,-3.00,443,59762944
110/04/15,166495,126.00,130.00,125.50,128.50,+2.50,156,21454744
110/04/16,2098612,130.50,141.00,130.50,139.00,+10.50,1417,291788423
110/04/19,3417347,142.00,152.50,140.50,151.50,+12.50,2720,504196525
110/04/20,2136376,153.50,155.50,144.50,151.00,-0.50,1785,319633724
110/04/21,1051099,149.50,149.50,143.50,144.00,-7.00,975,152789345
110/04/22,1482067,146.00,146.50,136.50,143.50,-0.50,1253,208327996
110/04/23,527937,144.00,145.00,141.00,144.50,+1.00,451,75754937
110/04/26,360401,143.50,145.50,142.50,143.00,-1.50,336,51864798
110/04/27,395606,144.00,144.00,140.00,141.00,-2.00,358,56095205
110/04/28,254027,140.50,142.50,138.50,142.00,+1.00,254,35821953
110/04/29,1014989,142.00,148.50,139.50,139.50,-2.50,870,145924251
