帛漢,	3299
日期,成交股數,開盤價,最高價,最低價,收盤價,漲跌價差,成交筆數,成交金額
104/01/05,291005,52.60,53.40,52.60,53.30,+0.20,221,15434165
104/01/06,912286,52.80,52.80,51.30,52.40,-0.90,529,47491541
104/01/07,530019,52.00,52.40,51.70,51.80,-0.60,284,27580288
104/01/08,463264,52.10,52.50,51.80,52.00,+0.20,268,24106906
104/01/09,374116,52.30,52.30,51.80,51.80,-0.20,226,19486004
104/01/12,939008,52.00,53.30,51.50,52.50,+0.70,492,49459424
104/01/13,499069,52.70,52.70,51.80,51.80,-0.70,300,25989903
104/01/14,316356,51.80,52.30,51.80,51.90,+0.10,218,16442045
104/01/15,320100,52.00,52.60,52.00,52.00,+0.10,237,16718300
104/01/16,477118,52.30,52.40,50.70,50.90,-1.10,307,24538161
104/01/19,2130114,50.90,51.40,47.35,47.50,-3.40,1211,102747555
104/01/20,680502,47.50,49.20,47.40,49.20,+1.70,437,33127098
104/01/21,279553,49.30,49.50,48.60,48.85,-0.35,193,13698562
104/01/22,643002,49.30,51.40,48.90,50.40,+1.55,394,32248450
104/01/23,298008,50.90,50.90,50.10,50.30,-0.10,190,15023800
104/01/26,251003,50.40,50.40,49.80,49.95,-0.35,174,12544650
104/01/27,267004,50.10,50.20,49.80,49.80,-0.15,137,13359400
104/01/28,457194,49.70,49.95,49.30,49.40,-0.40,246,22650480
104/01/29,327041,49.40,49.50,48.90,49.05,-0.35,219,16067579
104/01/30,170008,49.20,49.50,49.15,49.20,+0.15,109,8370616
104/02/02,171103,49.20,49.20,48.95,48.95,-0.25,94,8388136
104/02/03,147052,49.25,49.30,49.15,49.15,+0.20,85,7234807
104/02/04,218006,49.40,49.95,49.40,49.90,+0.75,140,10837208
104/02/05,211575,49.95,50.50,49.90,50.40,+0.50,153,10629076
104/02/06,192252,50.40,50.40,49.90,50.20,-0.20,126,9644466
104/02/09,865255,50.90,52.00,50.90,51.30,+1.10,496,44637706
104/02/10,213290,51.90,51.90,50.80,50.80,-0.50,152,10920842
104/02/11,328036,51.00,51.30,50.40,51.20,+0.40,250,16720636
104/02/12,139100,51.80,51.80,51.00,51.10,-0.10,95,7110368
104/02/13,197011,51.30,51.30,50.90,51.10,0.00,124,10048861
104/02/24,719135,51.20,52.20,51.10,52.10,+1.00,416,37159029
104/02/25,513007,52.40,52.40,51.50,51.60,-0.50,311,26625164
104/02/26,264051,51.60,52.40,51.50,51.90,+0.30,179,13709126
104/03/02,438028,52.20,52.30,51.60,51.90,0.00,240,22764930
104/03/03,212012,52.00,52.20,51.60,51.70,-0.20,155,10979614
104/03/04,611780,51.50,52.90,51.50,52.90,+1.20,417,32043220
104/03/05,665355,53.00,53.40,52.50,52.80,-0.10,413,35199033
104/03/06,1223237,53.10,54.20,53.00,54.10,+1.30,663,65789331
104/03/09,1308878,54.10,55.40,53.80,55.10,+1.00,759,71770774
104/03/10,1066518,55.20,55.70,54.20,54.60,-0.50,666,58519240
104/03/11,448026,53.70,54.60,53.70,54.50,-0.10,301,24283430
104/03/12,459145,54.60,54.90,54.50,54.80,+0.30,250,25140320
104/03/13,350258,55.00,55.20,54.60,54.60,-0.20,227,19197398
104/03/16,1177323,54.80,57.80,54.80,56.60,+2.00,833,66715977
104/03/17,562710,57.00,57.00,55.80,55.80,-0.80,353,31683309
104/03/18,441050,55.70,56.70,55.70,56.20,+0.40,248,24824885
104/03/19,1424600,57.00,58.50,57.00,58.00,+1.80,822,82332004
104/03/20,1608384,58.10,59.60,58.10,58.90,+0.90,894,94802288
104/03/23,2114260,60.00,60.00,57.00,57.00,-1.90,1121,123922887
104/03/24,1083306,57.80,59.10,57.50,59.10,+2.10,685,63113954
104/03/25,724239,59.10,59.40,58.10,58.60,-0.50,457,42371508
104/03/26,409597,57.90,58.60,57.80,58.60,0.00,264,23837223
104/03/27,242100,58.90,59.00,57.90,58.10,-0.50,210,14110707
104/03/30,423142,58.50,58.70,57.10,57.20,-0.90,283,24397254
104/03/31,359284,58.00,58.00,56.80,57.70,+0.50,267,20614603
104/04/01,260005,57.70,58.50,57.30,58.10,+0.40,170,15055600
104/04/02,401020,58.10,58.50,57.60,58.10,0.00,247,23275160
104/04/07,1242640,58.30,59.70,58.10,59.60,+1.50,787,73425746
104/04/08,508062,59.60,59.60,58.60,59.50,-0.10,314,30060564
104/04/09,903307,59.50,59.60,57.50,57.60,-1.90,528,52774560
104/04/10,538612,58.00,58.40,57.20,57.50,-0.10,361,31066887
104/04/13,338209,57.90,58.40,57.20,58.40,+0.90,225,19524197
104/04/14,240030,58.00,58.30,57.70,58.10,-0.30,146,13916730
104/04/15,245066,58.10,58.10,57.70,57.80,-0.30,151,14163243
104/04/16,611331,58.20,58.20,57.00,57.50,-0.30,377,35108823
104/04/17,1129645,57.30,57.30,55.90,56.20,-1.30,627,63698545
104/04/20,434335,55.90,55.90,55.20,55.50,-0.70,305,24129760
104/04/21,700000,55.80,55.80,54.00,54.90,-0.60,398,38449400
104/04/22,359334,55.00,56.40,55.00,56.00,+1.10,249,20054202
104/04/23,276001,56.00,56.50,56.00,56.30,+0.30,184,15528256
104/04/24,236003,57.00,57.00,55.40,56.10,-0.20,160,13221268
104/04/27,229268,56.80,56.80,55.50,55.60,-0.50,158,12810633
104/04/28,248004,55.60,56.30,55.20,55.70,+0.10,178,13795636
104/04/29,577335,55.80,56.00,54.80,54.90,-0.80,299,31770858
104/04/30,219950,54.70,55.50,54.70,55.50,+0.60,132,12163637
104/05/04,328007,56.00,56.20,55.10,55.30,-0.20,187,18236085
104/05/05,220010,55.10,55.30,54.90,55.30,0.00,129,12126650
104/05/06,160115,55.30,55.50,54.60,55.50,+0.20,98,8828740
104/05/07,399087,55.10,56.80,55.00,56.00,+0.50,256,22395114
104/05/08,192285,56.10,56.10,55.20,55.50,-0.50,143,10694112
104/05/11,1146196,57.50,58.10,55.60,55.60,+0.10,659,64909726
104/05/12,386020,56.00,57.00,55.60,57.00,+1.40,290,21798380
104/05/13,304051,57.10,57.40,56.80,57.10,+0.10,197,17343330
104/05/14,409119,57.50,57.80,57.10,57.60,+0.50,286,23489054
104/05/15,360008,57.90,58.00,56.70,57.30,-0.30,254,20595572
104/05/18,219165,57.50,57.70,56.10,56.50,-0.80,194,12466961
104/05/19,316210,56.80,57.20,56.50,57.20,+0.70,268,18004173
104/05/20,612037,57.00,58.20,57.00,57.40,+0.20,409,35352534
104/05/21,187144,57.40,57.50,56.90,57.10,-0.30,143,10712984
104/05/22,303000,57.40,57.40,56.40,56.40,-0.70,213,17188100
104/05/25,474459,56.40,56.40,55.50,55.60,-0.80,295,26535566
104/05/26,588200,56.30,56.30,55.10,55.20,-0.40,295,32533879
104/05/27,369338,55.20,56.20,55.20,55.40,+0.20,255,20555092
104/05/28,428000,55.60,56.30,55.50,56.20,+0.80,285,23923100
104/05/29,1295151,56.20,57.80,56.20,57.30,+1.10,680,74245727
104/06/01,1269558,57.80,59.80,57.70,58.60,+1.30,744,74601697
104/06/02,713249,58.80,58.80,57.30,57.40,-1.20,454,41321292
104/06/03,4540742,57.80,61.00,57.80,59.20,+1.80,2494,270684999
104/06/04,3184079,59.40,60.50,57.20,57.90,-1.30,1807,187635820
104/06/05,1598159,57.90,58.50,54.20,57.30,-0.60,998,89433322
104/06/08,544083,56.80,56.80,55.50,55.70,-1.60,411,30471905
104/06/09,1057500,55.50,56.70,54.20,54.40,-1.30,562,58094798
104/06/10,382400,54.50,56.10,54.50,55.70,+1.30,268,21145760
104/06/11,396400,56.20,56.50,55.10,55.30,-0.40,235,21975100
104/06/12,430000,56.00,56.00,54.40,54.60,-0.70,246,23606700
104/06/15,290600,54.60,55.20,54.50,55.00,+0.40,164,15966300
104/06/16,454390,55.00,55.00,54.00,54.10,-0.90,248,24657150
104/06/17,541400,54.10,56.50,54.10,56.20,+2.10,420,30179559
104/06/18,298873,56.90,56.90,55.60,56.00,-0.20,191,16802328
104/06/22,355119,56.20,56.70,56.00,56.00,0.00,254,20014823
104/06/23,345100,56.50,56.90,56.30,56.60,+0.60,213,19505710
104/06/24,350073,57.30,57.80,56.70,56.80,+0.20,254,20022781
104/06/25,203001,57.50,57.50,56.10,56.10,-0.70,161,11488757
104/06/26,194078,56.80,56.80,55.70,55.70,-0.40,153,10839490
104/06/29,494017,55.00,55.30,54.70,54.70,-1.00,272,27156642
104/06/30,137054,54.50,55.70,54.40,55.40,+0.70,101,7553709
104/07/01,252347,55.80,55.80,55.10,55.30,-0.10,174,13962032
104/07/02,84132,55.80,55.80,55.50,55.50,+0.20,68,4677625
104/07/03,120000,55.40,55.90,55.40,55.90,+0.40,86,6679700
104/07/06,467253,55.50,55.50,54.60,54.70,-1.20,273,25680294
104/07/07,352002,55.00,55.00,54.30,54.30,-0.40,240,19183210
104/07/08,605774,54.40,54.40,52.30,53.00,-1.30,381,32286522
104/07/09,467490,51.50,53.40,51.20,53.40,+0.40,220,24572117
104/07/13,317100,53.70,54.80,53.70,54.50,+1.10,182,17251400
104/07/14,301000,54.50,55.00,54.50,54.80,+0.30,157,16505700
104/07/15,449559,55.10,55.20,54.70,54.90,+0.10,166,24685365
104/07/16,1323041,55.00,56.40,55.00,56.40,+1.50,674,73912272
104/07/17,840052,52.20,52.30,50.90,51.00,,457,43483752
104/07/20,343122,51.00,51.00,49.30,49.35,-1.65,231,17209770
104/07/21,344001,49.40,49.90,48.40,49.30,-0.05,186,16899502
104/07/22,107101,49.30,49.30,48.65,49.10,-0.20,67,5237427
104/07/23,287000,48.90,49.60,48.90,48.95,-0.15,182,14083500
104/07/24,244378,48.65,50.20,48.65,49.85,+0.90,151,12106948
104/07/27,436001,49.30,49.40,46.15,46.50,-3.35,240,20993146
104/07/28,153001,46.50,47.85,46.50,47.85,+1.35,109,7207048
104/07/29,131300,48.00,48.00,47.15,47.80,-0.05,85,6235439
104/07/30,155001,48.10,49.40,48.10,48.70,+0.90,94,7576199
104/07/31,110001,48.40,48.60,48.00,48.00,-0.70,70,5310848
104/08/03,127002,48.00,48.00,47.35,47.75,-0.25,82,6053796
104/08/04,245040,47.75,48.30,47.20,47.25,-0.50,133,11659249
104/08/05,69500,47.20,48.00,47.10,48.00,+0.75,55,3301897
104/08/06,66002,48.10,48.10,47.20,47.30,-0.70,41,3148394
104/08/07,88001,47.00,48.10,46.65,48.10,+0.80,60,4160798
104/08/10,293001,48.90,49.90,48.80,49.70,+1.60,208,14458500
104/08/11,207105,50.00,50.30,49.20,49.20,-0.50,139,10319110
104/08/12,86003,49.20,49.50,48.95,49.20,0.00,73,4235497
104/08/13,70150,49.50,49.85,49.50,49.80,+0.60,62,3485450
104/08/14,140201,50.30,50.30,49.45,49.50,-0.30,105,6980389
104/08/17,159001,49.50,50.40,49.50,49.75,+0.25,103,7948000
104/08/18,94003,50.00,50.00,49.20,49.20,-0.55,63,4652997
104/08/19,150090,49.45,49.45,46.00,47.50,-1.70,111,7201502
104/08/20,94400,46.95,48.00,46.55,47.40,-0.10,67,4471638
104/08/21,202706,46.80,47.00,46.00,46.00,-1.40,130,9439278
104/08/24,572242,43.60,44.00,41.40,41.70,-4.30,335,24022756
104/08/25,370301,39.40,42.90,39.30,42.90,+1.20,220,15353313
104/08/26,227497,42.50,42.60,41.15,42.60,-0.30,151,9586671
104/08/27,325300,44.20,44.20,43.15,43.65,+1.05,175,14236444
104/08/28,271300,43.70,44.85,43.70,44.55,+0.90,165,12055564
104/08/31,184100,44.60,45.10,44.20,44.80,+0.25,100,8212080
104/09/01,209065,44.20,44.60,44.15,44.30,-0.50,135,9258754
104/09/02,276001,43.50,44.35,43.10,44.35,+0.05,157,12116146
104/09/03,285000,44.60,45.40,44.35,45.25,+0.90,168,12809650
104/09/04,237055,45.25,45.65,44.20,44.50,-0.75,161,10614035
104/09/07,272301,44.10,45.00,43.75,44.80,+0.30,172,12080334
104/09/08,765100,45.30,47.30,45.30,46.60,+1.80,504,35389770
104/09/09,484169,47.20,48.00,47.20,47.55,+0.95,286,23072476
104/09/10,227200,47.55,47.90,47.00,47.50,-0.05,162,10783050
104/09/11,447127,48.10,49.30,47.90,48.80,+1.30,300,21751596
104/09/14,362500,48.50,48.50,47.75,48.30,-0.50,269,17427724
104/09/15,220000,48.30,48.30,47.80,47.80,-0.50,129,10571600
104/09/16,177243,48.45,48.55,47.90,48.30,+0.50,131,8555459
104/09/17,269973,48.70,48.90,48.40,48.80,+0.50,186,13139679
104/09/18,793969,47.80,50.90,47.80,50.60,,523,39692340
104/09/21,495189,50.50,51.40,49.90,50.30,-0.30,338,25041362
104/09/22,710079,50.90,51.80,50.30,51.40,+1.10,484,36385290
104/09/23,322017,51.00,51.10,50.40,50.90,-0.50,206,16326459
104/09/24,382001,51.60,51.70,49.20,49.45,-1.45,266,19188001
104/09/25,152000,49.80,49.90,49.15,49.65,+0.20,110,7533700
104/09/30,227001,49.30,49.55,48.90,49.15,-0.50,145,11174404
104/10/01,298249,49.15,50.40,49.15,49.70,+0.55,218,14873400
104/10/02,165884,49.70,49.95,49.40,49.45,-0.25,130,8236180
104/10/05,225223,49.90,50.10,49.60,50.00,+0.55,160,11239823
104/10/06,313840,50.40,50.40,49.50,49.55,-0.45,209,15636718
104/10/07,133628,49.55,49.95,49.35,49.85,+0.30,95,6650523
104/10/08,163223,50.00,50.00,49.10,49.10,-0.75,114,8068681
104/10/12,539000,50.50,51.90,50.20,50.60,+1.50,347,27325500
104/10/13,276000,50.60,50.70,49.80,50.20,-0.40,157,13855300
104/10/14,240645,50.20,50.40,49.90,49.95,-0.25,167,12046363
104/10/15,357257,50.30,50.70,49.85,49.95,0.00,234,17972325
104/10/16,405906,50.50,50.50,49.80,50.00,+0.05,214,20364787
104/10/19,1094440,50.00,51.40,49.80,50.60,+0.60,652,55631949
104/10/20,490581,50.60,50.80,50.10,50.10,-0.50,312,24715305
104/10/21,189046,50.40,50.50,50.10,50.50,+0.40,156,9509246
104/10/22,579583,50.60,51.30,50.30,50.80,+0.30,349,29491714
104/10/23,639750,51.30,51.60,50.70,50.70,-0.10,341,32636899
104/10/26,607650,51.20,51.30,50.90,51.30,+0.60,370,31037300
104/10/27,2151343,51.40,53.60,51.20,53.60,+2.30,1288,112958213
104/10/28,1958414,54.00,55.90,53.60,53.60,0.00,1216,106470428
104/10/29,944247,53.70,53.90,52.10,52.20,-1.40,604,49857063
104/10/30,652715,52.20,52.60,51.00,52.30,+0.10,440,33771010
104/11/02,492229,52.20,53.20,52.00,52.40,+0.10,339,25945721
104/11/03,561223,52.60,53.20,52.30,52.30,-0.10,359,29528451
104/11/04,517372,52.70,53.10,52.30,52.50,+0.20,298,27218226
104/11/05,299718,52.80,53.00,52.30,52.80,+0.30,195,15798708
104/11/06,1187704,53.00,53.80,52.80,53.20,+0.40,655,63404351
104/11/09,1904155,53.90,54.90,53.20,53.30,+0.10,1082,102817391
104/11/10,1276899,52.80,52.80,51.20,51.60,-1.70,955,66171954
104/11/11,844755,51.60,51.70,50.40,50.40,-1.20,561,42949619
104/11/12,511955,50.70,51.00,49.65,50.80,+0.40,364,25761101
104/11/13,446482,50.20,51.60,50.10,50.90,+0.10,287,22789121
104/11/16,298135,50.10,50.80,49.85,50.60,-0.30,210,15010193
104/11/17,451135,50.90,51.60,50.90,51.00,+0.40,280,23105485
104/11/18,321669,51.10,51.10,50.50,50.60,-0.40,213,16324244
104/11/19,529852,51.60,52.10,51.40,51.60,+1.00,407,27407970
104/11/20,294627,51.80,51.90,51.30,51.40,-0.20,221,15170755
104/11/23,683464,51.8,53,51.5,52.6,1.2,489,35839255
104/11/24,491110,52.80,52.80,51.30,51.40,-1.20,315,25415263
104/11/25,338790,51.40,51.40,50.60,50.80,-0.60,249,17264924
104/11/26,229367,50.90,51.40,50.90,51.20,+0.40,167,11740985
104/11/27,256111,51.40,51.50,50.90,51.00,-0.20,138,13072261
104/11/30,171364,50.50,50.90,50.40,50.90,-0.10,143,8676228
104/12/01,194253,51.10,51.50,50.80,51.20,+0.30,147,9935203
104/12/02,284785,51.40,51.40,50.80,50.80,-0.40,199,14533320
104/12/03,306667,50.80,52.10,50.80,51.60,+0.80,235,15800211
104/12/04,206183,51.40,51.40,50.80,51.40,-0.20,160,10545433
104/12/07,372908,51.70,52.30,51.50,51.90,+0.50,267,19307919
104/12/08,232051,51.90,51.90,51.30,51.30,-0.60,158,11968001
104/12/09,593560,51.30,52.40,51.00,51.00,-0.30,377,30648860
104/12/10,471536,50.50,50.70,49.80,50.50,-0.50,314,23672518
104/12/11,482104,50.30,50.60,49.00,49.00,-1.50,350,24002238
104/12/14,370190,48.70,48.70,47.10,48.10,-0.90,253,17783610
104/12/15,175934,48.75,48.75,48.10,48.35,+0.25,136,8506871
104/12/16,115548,49.00,49.00,48.50,48.70,+0.35,93,5626509
104/12/17,134855,48.90,49.65,48.90,49.35,+0.65,101,6663650
104/12/18,86840,49.25,49.50,48.85,49.00,-0.35,89,4267425
104/12/21,148500,48.50,49.00,48.15,49.00,0.00,114,7238496
104/12/22,84002,49.05,49.30,49.00,49.00,0.00,72,4123404
104/12/23,122497,49.05,49.50,49.00,49.00,0.00,104,6028653
104/12/24,163596,49.20,49.45,48.40,48.50,-0.50,132,7984112
104/12/25,129742,48.30,49.30,48.30,49.05,+0.55,90,6332793
104/12/28,105869,49.50,49.50,48.90,49.25,+0.20,84,5202395
104/12/29,98074,49.00,49.00,48.65,48.65,-0.60,73,4792736
104/12/30,100445,48.80,49.10,48.70,48.70,+0.05,67,4905411
104/12/31,100007,49.10,49.30,48.75,49.00,+0.30,81,4902921
105/01/04,179148,49.00,49.10,48.30,48.50,-0.50,107,8717002
105/01/05,145668,48.40,48.50,48.15,48.15,-0.35,103,7037829
105/01/06,229564,48.50,48.50,47.30,47.40,-0.75,166,10960343
105/01/07,376887,47.15,47.50,45.05,46.35,-1.05,254,17467057
105/01/08,177776,46.35,47.60,46.20,47.00,+0.65,131,8364626
105/01/11,288345,46.30,46.45,45.60,45.65,-1.35,238,13236665
105/01/12,339488,46.10,46.20,44.40,44.60,-1.05,274,15284523
105/01/13,226372,45.10,45.40,44.70,45.05,+0.45,155,10196288
105/01/14,243350,45.05,45.25,44.75,44.85,-0.20,177,10935291
105/01/15,113424,45.25,45.25,44.80,45.00,+0.15,105,5100478
105/01/18,210090,44.50,46.10,44.50,46.00,+1.00,127,9520740
105/01/19,200372,46.10,47.90,45.80,47.90,+1.90,146,9403316
105/01/20,219446,48.00,48.10,46.00,46.35,-1.55,169,10274737
105/01/21,129149,46.40,46.55,45.35,45.95,-0.40,89,5946154
105/01/22,175093,45.95,46.45,45.90,46.05,+0.10,96,8070587
105/01/25,225300,46.05,47.45,46.05,47.20,+1.15,157,10512166
105/01/26,697582,47.35,48.70,46.80,48.60,+1.40,494,33633524
105/01/27,919789,49.10,50.50,48.95,49.40,+0.80,613,45580164
105/01/28,323272,49.40,49.40,48.90,48.90,-0.50,231,15877678
105/01/29,237443,48.90,49.85,48.90,49.45,+0.55,171,11761753
105/01/30,190003,49.60,49.70,49.50,49.55,+0.10,114,9415847
105/02/01,129011,49.40,49.65,49.15,49.55,0.00,115,6377189
105/02/02,146149,49.90,49.95,49.25,49.30,-0.25,117,7227072
105/02/03,144550,49.30,49.45,48.90,49.45,+0.15,121,7108606
105/02/15,356129,49.50,50.90,49.50,50.90,+1.45,300,17926629
105/02/16,1663775,51.70,53.40,51.30,52.50,+1.60,1112,87083743
105/02/17,577845,52.60,52.90,51.60,51.70,-0.80,444,30113710
105/02/18,928864,52.50,53.00,52.10,52.60,+0.90,556,48778382
105/02/19,329051,52.90,52.90,52.30,52.60,0.00,241,17302968
105/02/22,826567,52.80,53.50,52.50,52.90,+0.30,522,43864727
105/02/23,605072,53.40,53.50,52.00,52.50,-0.40,479,31829067
105/02/24,2497964,52.50,55.20,52.50,54.40,+1.90,1652,135700919
105/02/25,1362047,55.10,55.90,54.10,54.40,0.00,853,74736031
105/02/26,495479,54.80,54.80,53.80,54.40,0.00,399,26909850
105/03/01,742168,55.00,55.10,54.40,54.40,0.00,502,40585782
105/03/02,715050,54.90,54.90,54.00,54.20,-0.20,415,38885072
105/03/03,414953,54.40,54.90,53.50,54.00,-0.20,317,22430762
105/03/04,1028486,54.10,55.60,54.10,54.50,+0.50,627,56444132
105/03/07,716104,54.90,55.00,54.10,55.00,+0.50,489,39182264
105/03/08,723717,55.10,55.20,54.50,55.00,0.00,442,39680106
105/03/09,2085152,53.20,54.80,53.10,54.00,-1.00,1129,112554554
105/03/10,1245592,54.50,55.00,54.20,55.00,+1.00,675,68018264
105/03/11,2805582,55.00,56.80,54.80,56.50,+1.50,1629,157177180
105/03/14,6114140,58.50,60.70,58.10,60.30,+3.80,3428,363617598
105/03/15,6186913,63.10,64.20,61.30,61.40,+1.10,3774,388692428
105/03/16,3828787,62.00,63.90,60.80,61.20,-0.20,2398,237972548
105/03/17,3072078,62.40,63.80,61.30,62.80,+1.60,1880,191824463
105/03/18,1571187,63.00,63.20,61.60,62.70,-0.10,1018,97938727
105/03/21,2506902,62.80,64.00,61.50,62.00,-0.70,1555,157355815
105/03/22,1303981,62.40,62.70,61.50,62.20,+0.20,829,80931810
105/03/23,939097,62.70,62.70,61.60,61.60,-0.60,640,58308858
105/03/24,899270,61.70,62.40,61.20,61.80,+0.20,612,55682893
105/03/25,1026337,62.30,62.40,61.70,61.80,0.00,640,63765381
105/03/28,1419398,62.40,62.40,60.20,60.20,-1.60,827,86879553
105/03/29,1706911,60.30,61.00,58.20,59.50,-0.70,1066,101412829
105/03/30,726259,60.00,61.00,60.00,60.90,+1.40,564,43952499
105/03/31,651101,61.40,61.60,59.80,60.70,-0.20,479,39532519
105/04/01,2507037,62.00,62.10,59.90,60.00,-0.70,1336,153117120
105/04/06,1289900,60.00,60.00,58.30,58.60,-1.40,855,76081302
105/04/07,1534495,58.60,58.60,57.30,57.80,-0.80,1077,88713310
105/04/08,876684,57.30,58.40,57.00,58.00,+0.20,535,50746055
105/04/11,949479,57.40,57.50,56.60,56.80,-1.20,649,54096537
105/04/12,974934,56.80,57.90,56.00,56.10,-0.70,630,55301895
105/04/13,671665,56.40,56.80,55.80,56.70,+0.60,410,37893003
105/04/14,447520,57.00,57.40,56.50,56.80,+0.10,309,25466030
105/04/15,726825,56.30,56.40,55.80,56.30,-0.50,537,40746844
105/04/18,697521,56.20,56.20,55.10,55.40,-0.90,474,38620013
105/04/19,600411,55.80,55.90,55.10,55.20,-0.20,424,33209480
105/04/20,836900,55.10,55.50,54.60,54.60,-0.60,446,45953732
105/04/21,453376,54.80,55.20,54.60,54.90,+0.30,331,24899629
105/04/22,1074158,54.90,54.90,53.20,53.40,-1.50,632,57768362
105/04/25,333530,53.30,53.90,52.90,53.80,+0.40,249,17847020
105/04/26,318878,54.10,54.70,54.00,54.60,+0.80,234,17336936
105/04/27,402744,54.60,55.30,54.10,54.60,0.00,237,22038796
105/04/28,316524,54.80,55.10,54.40,55.00,+0.40,194,17338020
105/04/29,360562,54.90,54.90,54.00,54.50,-0.50,227,19601628
105/05/03,251159,54.50,54.50,53.40,53.50,-1.00,208,13460486
105/05/04,297179,53.00,53.50,52.70,53.00,-0.50,208,15749775
105/05/05,420681,53.00,53.00,51.80,52.50,-0.50,297,21975844
105/05/06,235052,53.10,53.10,52.00,52.30,-0.20,168,12331556
105/05/09,1044261,52.00,52.00,50.00,50.50,-1.80,700,53048511
105/05/10,729223,50.40,52.60,49.80,52.50,+2.00,545,37207174
105/05/11,609043,52.50,53.00,51.70,52.50,0.00,425,31928355
105/05/12,489962,52.30,52.40,51.80,51.80,-0.70,233,25521024
105/05/13,363370,51.50,52.40,51.20,52.20,+0.40,216,18787612
105/05/16,252754,51.80,52.00,51.20,51.60,-0.60,183,13056904
105/05/17,186100,51.80,52.20,51.70,52.10,+0.50,143,9668700
105/05/18,133967,52.10,52.20,51.90,52.10,0.00,106,6965678
105/05/19,176074,52.30,52.30,51.80,51.80,-0.30,116,9138170
105/05/20,107000,51.60,52.00,51.50,51.70,-0.10,84,5538800
105/05/23,477000,52.00,52.70,51.70,52.50,+0.80,322,24877200
105/05/24,269190,52.80,52.80,52.20,52.20,-0.30,175,14102815
105/05/25,435446,52.50,52.90,52.20,52.90,+0.70,256,22913691
105/05/26,775595,52.80,54.50,52.80,53.80,+0.90,511,41512930
105/05/27,396150,54.30,54.40,53.60,53.70,-0.10,267,21359080
105/05/30,344041,53.70,54.10,53.50,53.90,+0.20,188,18510702
105/05/31,344520,54.00,54.40,53.80,54.00,+0.10,226,18627980
105/06/01,394272,54.20,54.80,54.00,54.80,+0.80,282,21478303
105/06/02,423260,54.80,54.90,53.90,54.00,-0.80,294,22979648
105/06/03,185000,54.40,54.40,53.70,53.80,-0.20,125,9972000
105/06/04,295000,53.90,54.50,53.60,53.60,-0.20,174,15928497
105/06/06,526934,53.80,53.90,52.20,52.60,-1.00,351,27837712
105/06/07,357504,52.70,53.50,52.60,53.50,+0.90,231,18993360
105/06/08,727415,52.60,52.90,52.30,52.60,-0.90,414,38264924
105/06/13,420818,52.50,52.50,51.30,51.60,-1.00,273,21804265
105/06/14,297436,51.50,53.30,51.30,52.90,+1.30,217,15536008
105/06/15,238151,53.00,53.00,52.40,52.80,-0.10,142,12552969
105/06/16,541885,52.80,52.80,51.60,52.40,-0.40,293,28161696
105/06/17,165562,52.50,52.60,52.20,52.50,+0.10,121,8682405
105/06/20,190472,52.50,53.00,52.30,52.80,+0.30,116,10035556
105/06/21,242370,52.80,53.20,52.40,53.00,+0.20,154,12824710
105/06/22,341149,53.10,53.10,52.50,52.80,-0.20,241,18037997
105/06/23,268000,52.60,53.10,52.60,52.90,+0.10,177,14173100
105/06/24,557661,53.00,53.00,51.00,51.80,-1.10,360,28973133
105/06/27,288000,50.60,52.60,50.60,52.40,+0.60,165,14917500
105/06/28,251049,52.20,52.90,52.00,52.70,+0.30,181,13200001
105/06/29,1173324,53.00,54.40,52.90,53.80,+1.10,617,63006158
105/06/30,2101796,54.00,54.60,53.60,54.30,+0.50,1102,113813231
105/07/01,1392476,50.00,50.20,49.45,49.45,,864,69263868
105/07/04,496410,49.45,49.70,48.95,49.10,-0.35,313,24445995
105/07/05,512024,48.90,48.90,48.30,48.60,-0.50,333,24864531
105/07/06,546445,48.10,48.15,47.50,47.50,-1.10,345,26124710
105/07/07,345129,47.65,48.40,47.65,48.35,+0.85,229,16628368
105/07/11,236142,49.00,49.00,48.75,48.85,+0.50,167,11543158
105/07/12,211988,49.00,49.05,48.40,48.55,-0.30,131,10300515
105/07/13,120900,48.85,49.00,48.50,48.60,+0.05,105,5878274
105/07/14,173208,48.75,48.75,48.25,48.45,-0.15,126,8389026
105/07/15,303001,48.60,48.75,48.40,48.50,+0.05,193,14707301
105/07/18,269200,48.70,48.75,48.25,48.25,-0.25,173,13036100
105/07/19,277794,48.25,48.25,47.65,47.85,-0.40,205,13287716
105/07/20,285267,47.75,47.95,47.20,47.60,-0.25,190,13541707
105/07/21,430193,47.70,48.75,47.70,48.65,+1.05,286,20799367
105/07/22,258340,48.65,48.70,48.00,48.10,-0.55,193,12479971
105/07/25,149595,47.95,48.00,47.65,47.70,-0.40,123,7149810
105/07/26,72608,48.35,48.35,47.80,47.95,+0.25,58,3482384
105/07/27,156156,48.30,48.40,47.65,47.70,-0.25,121,7481561
105/07/28,447965,48.10,48.20,47.20,47.25,-0.45,313,21273383
105/07/29,171256,47.30,47.40,47.10,47.25,0.00,117,8088654
105/08/01,132861,47.30,47.80,47.30,47.75,+0.50,116,6326811
105/08/02,87445,47.90,47.90,47.40,47.70,-0.05,79,4159702
105/08/03,120223,47.70,47.70,47.40,47.40,-0.30,89,5708880
105/08/04,399037,47.40,48.30,47.25,48.20,+0.80,270,19009389
105/08/05,311850,48.40,48.40,47.80,47.85,-0.35,207,15003269
105/08/08,843004,48.70,49.25,48.30,48.90,+1.05,541,41051346
105/08/09,524597,48.90,48.90,48.05,48.10,-0.80,362,25373824
105/08/10,237091,48.30,48.45,48.10,48.20,+0.10,202,11430378
105/08/11,223542,48.45,48.45,47.70,47.80,-0.40,150,10713366
105/08/12,184744,48.00,48.00,47.60,47.75,-0.05,146,8814509
105/08/15,173475,47.90,48.05,47.70,47.90,+0.15,129,8307250
105/08/16,190087,48.00,48.20,47.70,47.75,-0.15,145,9089162
105/08/17,160042,47.65,47.95,47.65,47.70,-0.05,145,7640499
105/08/18,168464,47.70,48.00,47.70,48.00,+0.30,137,8064010
105/08/19,134845,48.30,48.30,47.80,47.90,-0.10,116,6473131
105/08/22,240716,48.05,48.15,47.60,47.70,-0.20,190,11496684
105/08/23,268222,47.65,47.90,47.40,47.85,+0.15,176,12767064
105/08/24,480105,47.80,47.85,47.40,47.50,-0.35,241,22805630
105/08/25,269493,47.30,47.95,47.30,47.70,+0.20,165,12832505
105/08/26,600473,47.70,48.80,47.70,48.55,+0.85,451,29111257
105/08/29,723240,48.90,49.35,48.60,49.30,+0.75,550,35499467
105/08/30,498943,49.45,49.65,48.80,49.25,-0.05,314,24542633
105/08/31,1285386,49.25,50.80,49.15,50.50,+1.25,855,64650648
105/09/01,415350,50.60,50.80,49.95,50.00,-0.50,272,20830420
105/09/02,571531,50.10,50.20,49.00,49.00,-1.00,354,28296700
105/09/05,216465,49.70,49.90,49.20,49.20,+0.20,136,10694823
105/09/06,201000,49.20,49.60,49.20,49.45,+0.25,124,9932450
105/09/07,282442,49.50,49.80,49.15,49.30,-0.15,189,13978980
105/09/08,332198,49.00,49.25,48.60,49.20,-0.10,231,16235860
105/09/09,240921,49.00,49.00,48.65,48.75,-0.45,181,11745483
105/09/10,202034,48.55,48.55,48.05,48.20,-0.55,139,9729441
105/09/12,310003,48.20,48.30,47.75,47.80,-0.40,193,14864997
105/09/13,322050,47.80,47.95,47.20,47.40,-0.40,208,15297897
105/09/14,237748,47.20,47.35,47.10,47.20,-0.20,159,11222677
105/09/19,145222,47.30,47.85,47.30,47.60,+0.40,101,6916100
105/09/20,155001,47.85,48.25,47.70,48.05,+0.45,105,7444399
105/09/21,100100,48.25,48.25,48.00,48.10,+0.05,66,4818679
105/09/22,195074,48.20,48.30,47.65,47.65,-0.45,133,9329959
105/09/23,83270,47.75,47.85,47.70,47.70,+0.05,60,3974636
105/09/26,202074,47.75,47.75,47.35,47.40,-0.30,128,9609092
105/09/29,202257,47.45,47.60,47.20,47.25,-0.15,111,9585386
105/09/30,143139,47.30,47.35,47.15,47.30,+0.05,115,6767495
105/10/03,98963,47.40,47.80,47.40,47.70,+0.40,77,4710930
105/10/04,63074,47.80,47.85,47.55,47.60,-0.10,67,3008788
105/10/05,130094,47.85,48.15,47.65,48.10,+0.50,91,6229271
105/10/06,89294,48.20,48.30,47.90,48.00,-0.10,67,4292640
105/10/07,210000,48.00,48.00,47.60,47.70,-0.30,104,10021900
105/10/11,383995,47.70,48.45,47.70,47.80,+0.10,239,18443012
105/10/12,255263,47.80,48.10,47.50,48.10,+0.30,134,12195813
105/10/13,122980,48.30,48.30,47.85,47.85,-0.25,86,5901597
105/10/14,217646,47.80,48.00,47.45,47.45,-0.40,135,10361391
105/10/17,135021,47.45,47.70,47.35,47.45,0.00,96,6409447
105/10/18,96670,47.60,47.95,47.30,47.40,-0.05,79,4585774
105/10/19,89616,47.40,47.65,47.40,47.45,+0.05,61,4253759
105/10/20,94785,47.55,47.80,47.45,47.75,+0.30,68,4506336
105/10/21,87399,47.60,47.80,47.60,47.75,0.00,66,4170101
105/10/24,133050,47.85,48.10,47.75,48.00,+0.25,98,6376204
105/10/25,964463,48.30,49.70,48.10,49.15,+1.15,695,47403400
105/10/26,738609,49.10,49.90,48.60,49.40,+0.25,534,36484320
105/10/27,1130041,49.90,50.40,49.55,49.55,+0.15,714,56427823
105/10/28,364078,49.95,49.95,48.65,48.85,-0.70,239,17891254
105/10/31,146210,48.70,49.10,48.25,48.85,0.00,114,7120581
105/11/01,124300,48.90,49.10,48.80,48.80,-0.05,91,6087060
105/11/02,257040,48.50,48.60,47.85,48.00,-0.80,174,12390883
105/11/03,254056,47.75,48.05,47.40,47.75,-0.25,175,12112632
105/11/04,316005,48.00,48.55,47.60,48.50,+0.75,189,15260390
105/11/07,523116,48.60,49.05,48.15,48.25,-0.25,360,25440507
105/11/08,204101,48.00,48.50,47.80,48.00,-0.25,134,9802023
105/11/09,668350,48.00,48.55,46.80,46.80,-1.20,353,31566762
105/11/10,292101,47.40,48.00,47.25,48.00,+1.20,192,13930748
105/11/11,355071,48.00,48.80,47.20,48.80,+0.80,223,16945347
105/11/14,788524,48.50,50.00,48.15,50.00,+1.20,501,38807939
105/11/15,1025738,50.50,51.30,49.50,49.50,-0.50,665,51811899
105/11/16,440922,49.60,50.20,49.60,49.80,+0.30,307,22028007
105/11/17,354395,49.80,50.80,49.65,50.10,+0.30,257,17831428
105/11/18,483664,50.80,50.80,50.30,50.60,+0.50,311,24443995
105/11/21,883452,50.50,51.50,50.50,50.90,+0.30,528,45196401
105/11/22,386093,51.20,51.30,50.90,51.10,+0.20,263,19709422
105/11/23,380509,51.30,51.30,50.80,51.00,-0.10,264,19393054
105/11/24,302483,51.00,51.10,50.30,50.90,-0.10,193,15354637
105/11/25,222474,50.70,51.30,50.70,51.10,+0.20,152,11350075
105/11/28,177020,51.30,51.30,50.80,51.00,-0.10,141,9024715
105/11/29,230054,51.00,51.20,50.80,51.00,0.00,167,11719048
105/11/30,917734,51.40,52.80,51.40,51.90,+0.90,631,47873688
105/12/01,1167067,52.40,53.40,52.10,53.20,+1.30,831,61652760
105/12/02,510890,53.10,53.20,52.40,52.80,-0.40,337,26974890
105/12/05,258500,53.40,53.40,52.30,52.50,-0.30,193,13626145
105/12/06,286841,52.60,53.00,52.20,52.40,-0.10,221,15055611
105/12/07,380345,52.40,53.30,52.40,52.90,+0.50,275,20160111
105/12/08,385413,53.00,53.20,52.60,52.80,-0.10,268,20375762
105/12/09,977120,53.30,54.00,53.00,53.80,+1.00,641,52439015
105/12/12,638038,54.20,54.30,53.00,53.40,-0.40,386,34165728
105/12/13,269610,53.20,53.60,53.10,53.40,0.00,199,14365772
105/12/14,602392,53.40,53.50,52.50,52.60,-0.80,310,31980677
105/12/15,277500,52.30,53.10,52.30,52.60,0.00,177,14610148
105/12/16,465286,52.20,52.60,52.00,52.20,-0.40,280,24292557
105/12/19,518243,52.10,52.20,51.10,51.20,-1.00,295,26659639
105/12/20,255100,51.30,52.20,51.30,51.50,+0.30,169,13159688
105/12/21,277307,51.80,51.80,51.20,51.20,-0.30,171,14272878
105/12/22,418856,51.30,51.40,50.50,50.50,-0.70,284,21291295
105/12/23,305601,50.50,50.70,50.10,50.30,-0.20,197,15384029
105/12/26,368042,50.80,50.80,49.90,50.10,-0.20,219,18458108
105/12/27,284056,50.10,50.80,50.00,50.70,+0.60,179,14363666
105/12/28,367254,51.00,51.50,50.70,51.10,+0.40,238,18786527
105/12/29,272603,51.30,51.30,50.90,51.00,-0.10,127,13917996
105/12/30,306256,51.00,51.70,50.80,51.00,0.00,161,15648125
106/01/03,242006,51.40,51.40,50.80,50.80,-0.20,133,12335926
106/01/04,227446,51.00,51.80,51.00,51.80,+1.00,167,11730456
106/01/05,137005,51.80,51.90,51.50,51.60,-0.20,108,7083475
106/01/06,116595,51.70,51.90,51.60,51.80,+0.20,110,6029239
106/01/09,278074,52.00,52.20,51.70,51.90,+0.10,183,14415354
106/01/10,702101,52.10,53.00,52.10,52.20,+0.30,469,36908000
106/01/11,206089,52.20,52.30,51.70,51.70,-0.50,176,10709508
106/01/12,306380,51.60,52.30,51.60,51.80,+0.10,238,15918260
106/01/13,176304,51.80,51.90,51.40,51.70,-0.10,152,9121427
106/01/16,275366,51.70,51.70,50.90,51.00,-0.70,196,14075368
106/01/17,166414,50.90,51.50,50.90,51.50,+0.50,130,8520718
106/01/18,138049,51.20,51.60,51.10,51.40,-0.10,101,7098534
106/01/19,610123,51.50,52.50,51.40,52.20,+0.80,350,31696918
106/01/20,345762,52.30,52.60,51.80,52.40,+0.20,242,18064326
106/01/23,646419,53.00,53.50,52.90,53.00,+0.60,442,34374086
106/01/24,469730,53.40,53.40,52.90,53.30,+0.30,262,24970077
106/02/02,3548682,54.00,56.80,54.00,55.90,+2.60,1820,196789704
106/02/03,1371809,56.20,56.70,55.60,56.30,+0.40,836,77090960
106/02/06,1124644,56.50,57.40,56.40,56.70,+0.40,668,63897591
106/02/07,658645,56.70,56.80,55.90,56.40,-0.30,401,37036507
106/02/08,1496189,55.00,55.30,54.50,54.80,-1.60,833,82076865
106/02/09,1223653,55.20,56.40,54.90,56.10,+1.30,796,68209168
106/02/10,793237,56.20,56.40,55.20,55.60,-0.50,452,44257570
106/02/13,545540,56.00,56.30,55.70,56.20,+0.60,381,30552740
106/02/14,3239698,57.00,59.00,56.90,57.00,+0.80,2078,187742286
106/02/15,773378,57.00,57.50,56.60,57.10,+0.10,487,44089546
106/02/16,424370,57.10,57.30,56.60,56.90,-0.20,271,24143402
106/02/17,1241848,57.40,58.60,57.40,57.60,+0.70,777,71881863
106/02/18,2079491,58.10,59.20,57.80,58.80,+1.20,1429,121959512
106/02/20,953646,59.20,59.50,58.20,58.50,-0.30,614,56071327
106/02/21,631699,58.70,58.70,57.20,57.60,-0.90,474,36416645
106/02/22,440044,58.00,58.30,57.70,58.00,+0.40,345,25496052
106/02/23,297188,58.30,58.30,57.40,57.70,-0.30,217,17166704
106/02/24,367586,57.90,57.90,57.30,57.80,+0.10,247,21202715
106/03/01,1436023,57.90,59.60,57.80,58.50,+0.70,892,84675318
106/03/02,687015,59.20,59.20,57.80,58.00,-0.50,392,40104456
106/03/03,519889,58.00,58.90,58.00,58.40,+0.40,335,30404762
106/03/06,776112,58.40,59.30,58.40,59.20,+0.80,584,45757208
106/03/07,2673712,59.40,61.50,59.40,60.40,+1.20,1544,161715982
106/03/08,829648,60.50,60.90,59.90,60.80,+0.40,536,50140187
106/03/09,736032,60.90,61.00,59.70,60.00,-0.80,506,44287720
106/03/10,996610,60.30,60.60,59.00,60.50,+0.50,602,59716215
106/03/13,3756236,62.10,62.90,60.70,62.20,+1.70,2230,232868732
106/03/14,6783182,63.90,64.70,63.60,64.70,+2.50,3393,434658603
106/03/15,8485887,66.90,70.40,66.70,68.10,+3.40,5436,580617316
106/03/16,2988661,68.00,69.40,67.20,68.70,+0.60,2018,204104562
106/03/17,3509907,68.80,71.30,68.30,70.60,+1.90,2304,244208922
106/03/20,3352868,72.00,72.50,70.10,71.00,+0.40,2186,238772128
106/03/21,1958987,71.10,71.40,70.00,70.00,-1.00,1246,138409290
106/03/22,1606047,69.50,70.80,68.80,69.90,-0.10,1030,112019759
106/03/23,2339332,70.20,72.40,70.10,71.00,+1.10,1627,167028172
106/03/24,1574255,71.10,71.30,69.50,69.50,-1.50,1135,110523201
106/03/27,1693235,69.40,70.40,67.20,67.50,-2.00,1321,116053209
106/03/28,1670231,67.80,69.20,66.90,69.10,+1.60,1160,113379539
106/03/29,719766,69.10,69.50,68.10,68.70,-0.40,557,49447245
106/03/30,676223,68.70,68.70,67.60,68.20,-0.50,519,46000296
106/03/31,600622,68.50,69.30,68.00,68.60,+0.40,493,41240505
106/04/05,811765,69.40,69.50,68.00,68.70,+0.10,680,55649767
106/04/06,853899,68.60,68.60,67.50,67.90,-0.80,678,57929592
106/04/07,818791,68.20,68.20,66.60,67.50,-0.40,609,55107658
106/04/10,554040,68.00,68.30,67.70,68.10,+0.60,456,37648914
106/04/11,891500,68.20,68.20,66.50,66.80,-1.30,676,59715191
106/04/12,1291434,66.40,66.40,65.00,65.70,-1.10,938,84461044
106/04/13,393960,65.60,66.30,65.20,66.20,+0.50,308,25991046
106/04/14,983634,66.00,66.00,64.10,64.10,-2.10,761,63446031
106/04/17,504887,64.20,65.30,63.30,65.10,+1.00,372,32513516
106/04/18,345648,65.80,66.10,65.30,65.50,+0.40,280,22675468
106/04/19,237394,65.50,65.50,64.80,64.80,-0.70,186,15436610
106/04/20,201260,64.80,65.70,64.50,65.00,+0.20,171,13085701
106/04/21,293217,65.50,65.50,65.10,65.20,+0.20,204,19171172
106/04/24,276352,65.30,65.50,64.80,64.90,-0.30,171,17983255
106/04/25,633766,65.40,66.80,65.20,65.90,+1.00,457,41878172
106/04/26,412402,66.50,66.70,65.90,66.30,+0.40,299,27375031
106/04/27,506366,66.60,67.40,65.60,67.20,+0.90,368,33740990
106/04/28,477200,67.50,68.20,66.50,66.70,-0.50,373,32116860
106/05/02,371812,67.60,67.60,66.00,66.20,-0.50,301,24773641
106/05/03,295403,66.50,67.00,66.10,66.10,-0.10,216,19623157
106/05/04,184892,66.10,66.50,66.00,66.00,-0.10,157,12235272
106/05/05,291545,66.00,66.30,65.10,65.10,-0.90,227,19116477
106/05/08,1036506,63.90,64.90,63.40,64.00,-1.10,731,66301583
106/05/09,938834,63.70,63.70,62.50,62.50,-1.50,624,59013442
106/05/10,400906,62.70,64.20,62.70,64.00,+1.50,313,25527163
106/05/11,327729,64.10,64.80,63.50,63.50,-0.50,242,21044256
106/05/12,242120,63.60,64.40,63.60,63.90,+0.40,143,15522740
106/05/15,336297,64.00,64.10,63.50,63.80,-0.10,243,21471895
106/05/16,182383,63.80,64.60,63.80,64.30,+0.50,137,11726403
106/05/17,185148,64.30,64.80,64.00,64.70,+0.40,139,11942620
106/05/18,452450,63.70,64.90,63.60,64.30,-0.40,313,29109102
106/05/19,337298,64.30,65.10,64.00,64.50,+0.20,264,21790020
106/05/22,323637,65.00,65.20,64.40,64.60,+0.10,221,20955946
106/05/23,338158,64.60,65.60,64.50,65.60,+1.00,246,22001679
106/05/24,285717,66.30,66.30,65.60,65.60,0.00,241,18841532
106/05/25,194074,65.70,66.20,65.60,65.80,+0.20,156,12787239
106/05/26,218745,66.20,66.20,65.80,65.80,0.00,153,14428671
106/05/31,332605,66.30,66.30,65.80,66.10,+0.30,205,21955364
106/06/01,924816,65.90,68.00,65.90,67.80,+1.70,674,62268257
106/06/02,2286156,69.90,70.40,68.50,69.30,+1.50,1447,159291804
106/06/03,1488691,70.50,71.30,69.80,70.50,+1.20,933,104777171
106/06/05,1857263,70.40,71.60,69.80,70.80,+0.30,1162,131706317
106/06/06,2199681,71.50,72.00,70.50,71.90,+1.10,1453,156978021
106/06/07,2258005,72.50,73.30,70.10,70.10,-1.80,1613,162401544
106/06/08,797353,71.00,71.10,69.90,70.20,+0.10,572,56151778
106/06/09,644808,70.30,71.10,69.40,69.50,-0.70,459,45078053
106/06/12,600508,68.90,70.20,68.80,70.20,+0.70,430,41880260
106/06/13,381842,70.20,70.70,70.10,70.40,+0.20,286,26873707
106/06/14,766090,70.60,70.70,68.30,69.10,-1.30,541,52872115
106/06/15,290260,69.40,69.60,68.60,69.50,+0.40,228,20068425
106/06/16,246414,69.50,70.10,69.30,69.90,+0.40,205,17206033
106/06/19,655339,70.10,71.20,69.90,70.90,+1.00,479,46378929
106/06/20,525081,71.50,71.60,70.40,70.40,-0.50,407,37298139
106/06/21,457090,70.60,71.20,69.80,70.80,+0.40,354,32305598
106/06/22,920429,71.40,72.20,71.30,71.40,+0.60,671,66017671
106/06/23,751374,71.80,73.00,71.60,71.80,+0.40,562,54194848
106/06/26,697762,72.40,72.70,71.60,71.60,-0.20,518,50205355
106/06/27,572400,71.80,72.20,71.80,72.20,+0.60,393,41219279
106/06/28,1115300,72.50,73.20,71.50,71.80,-0.40,742,80775462
106/06/29,650905,72.10,72.40,70.90,71.30,-0.50,472,46554423
106/06/30,381237,71.30,71.70,70.80,71.70,+0.40,294,27147889
106/07/03,788391,72.10,72.40,71.00,71.00,-0.70,379,56436219
106/07/04,1021884,70.90,70.90,70.00,70.00,-1.00,547,72109564
106/07/05,1531698,70.00,70.20,69.60,70.00,0.00,755,107043960
106/07/06,1985773,65.60,66.50,65.10,65.40,,962,130469252
106/07/07,918924,65.40,65.50,63.60,63.70,-1.70,678,58994136
106/07/10,626413,62.90,63.60,62.60,62.70,-1.00,503,39405535
106/07/11,1145445,62.60,62.60,60.20,60.90,-1.80,816,70175596
106/07/12,536000,61.10,61.80,60.70,61.30,+0.40,445,32922400
106/07/13,553000,61.60,61.90,61.40,61.80,+0.50,324,34096100
106/07/14,403024,62.10,62.10,61.20,61.20,-0.60,313,24777574
106/07/17,422466,61.60,61.60,60.50,61.00,-0.20,313,25700618
106/07/18,219307,61.00,61.00,60.60,61.00,0.00,179,13351580
106/07/19,448081,61.00,61.90,60.90,61.40,+0.40,347,27533103
106/07/20,482521,61.50,62.70,61.50,62.50,+1.10,412,30007112
106/07/21,471148,62.60,62.60,61.50,61.80,-0.70,377,29075504
106/07/24,835080,61.60,61.80,60.70,60.80,-1.00,567,51042560
106/07/25,281597,60.70,61.30,60.60,61.30,+0.50,249,17161014
106/07/26,475441,61.30,61.40,60.60,60.70,-0.60,392,28944688
106/07/27,608074,60.70,61.00,60.30,60.40,-0.30,514,36762714
106/07/28,961116,60.30,60.50,59.40,59.40,-1.00,736,57462325
106/07/31,372000,59.40,59.70,59.00,59.70,+0.30,313,22010599
106/08/01,436730,59.50,60.50,59.10,60.30,+0.60,337,26062664
106/08/02,437278,60.50,60.80,60.00,60.00,-0.30,345,26363758
106/08/03,300002,60.20,60.20,59.70,59.80,-0.20,266,17978320
106/08/04,312772,59.80,60.60,59.80,60.50,+0.70,257,18834836
106/08/07,514500,61.60,61.60,60.70,60.90,+0.40,413,31377800
106/08/08,345023,61.00,61.10,60.00,60.10,-0.80,260,20784800
106/08/09,427000,60.10,60.20,59.50,59.50,-0.60,331,25487300
106/08/10,1238083,59.50,59.50,57.10,57.70,-1.80,870,71996638
106/08/11,1170620,57.00,62.00,57.00,61.80,+4.10,824,69406765
106/08/14,4190227,64.20,64.20,62.00,62.00,+0.20,2441,264264101
106/08/15,822396,62.50,63.20,61.60,62.20,+0.20,662,51207409
106/08/16,493020,62.20,62.30,61.10,62.00,-0.20,390,30481440
106/08/17,530032,62.40,62.60,61.80,62.10,+0.10,404,32954884
106/08/18,869321,61.60,63.30,61.40,63.20,+1.10,651,54486784
106/08/21,386201,63.50,63.50,62.50,62.80,-0.40,291,24263323
106/08/22,336807,63.30,63.30,62.40,62.40,-0.40,258,21112758
106/08/23,371221,62.60,63.00,62.30,62.30,-0.10,250,23219311
106/08/24,325772,62.10,62.60,61.80,61.90,-0.40,262,20216264
106/08/25,362100,61.90,62.80,61.90,62.20,+0.30,271,22534369
106/08/28,372001,62.20,62.30,61.40,61.70,-0.50,250,22986060
106/08/29,206387,61.90,62.20,61.40,61.90,+0.20,149,12779381
106/08/30,915676,62.20,63.80,62.20,63.50,+1.60,617,57784754
106/08/31,574674,64.00,64.00,63.00,63.20,-0.30,441,36489562
106/09/01,1522206,63.50,65.00,63.20,64.50,+1.30,1043,98026484
106/09/04,487160,64.50,64.50,63.60,63.70,-0.80,330,31160119
106/09/05,247407,63.90,64.10,63.30,63.70,0.00,176,15748806
106/09/06,452446,63.30,63.70,62.60,63.60,-0.10,336,28574244
106/09/07,288178,63.60,63.60,62.50,62.50,-1.10,232,18174219
106/09/08,1216401,63.3,65,63.2,65,2.5,764,78069265
106/09/11,2598508,66.40,66.70,65.00,65.00,0.00,1602,171005121
106/09/12,560391,65.00,65.50,64.30,64.30,-0.70,360,36242415
106/09/13,294372,64.90,65.00,64.10,64.30,0.00,201,18946894
106/09/14,208000,64.60,64.60,64.10,64.20,-0.10,153,13367300
106/09/15,417977,64.20,64.50,63.20,63.20,-1.00,306,26641635
106/09/18,574227,63.30,63.30,62.60,62.80,-0.40,361,36133945
106/09/19,362496,62.80,64.20,62.80,63.00,+0.20,228,22985643
106/09/20,615532,63.20,64.70,63.00,64.20,+1.20,408,39366451
106/09/21,1146372,64.20,65.60,63.80,65.20,+1.00,693,74351852
106/09/22,536261,65.20,65.30,64.20,64.20,-1.00,323,34602133
106/09/25,530472,64.20,64.40,62.80,63.00,-1.20,367,33528571
106/09/26,415001,63.00,63.60,62.50,62.80,-0.20,318,26157263
106/09/27,3395857,63.00,67.00,62.80,67.00,+4.20,1851,221702046
106/09/28,3712260,67.40,67.80,65.90,67.30,+0.30,2269,248158820
106/09/29,2401600,66.90,67.50,66.00,66.90,-0.40,1633,160551200
106/09/30,2058954,67.40,68.90,67.40,67.40,+0.50,1556,140371195
106/10/02,1076402,67.90,68.50,67.20,67.20,-0.20,811,72979810
106/10/03,614495,66.80,67.20,66.30,66.30,-0.90,512,40945317
106/10/05,550719,66.20,66.80,66.10,66.50,+0.20,370,36564367
106/10/06,893038,66.50,66.60,65.30,65.40,-1.10,635,58571121
106/10/11,1253131,64.70,64.90,62.90,63.40,-2.00,904,79785908
106/10/12,402138,63.10,64.30,63.10,63.80,+0.40,299,25661887
106/10/13,2035643,63.80,66.80,63.40,65.70,+1.90,1058,132141969
106/10/16,2233387,66.20,66.50,65.70,65.70,0.00,1388,147587742
106/10/17,426321,65.80,66.00,64.70,64.70,-1.00,305,27776525
106/10/18,349584,64.80,65.10,63.90,64.40,-0.30,248,22501510
106/10/19,337096,64.40,65.20,64.40,64.80,+0.40,218,21879287
106/10/20,333049,64.80,65.50,64.20,64.50,-0.30,263,21586789
106/10/23,879285,64.40,66.50,64.20,66.00,+1.50,583,57665479
106/10/24,3349441,66.20,69.00,65.50,68.80,+2.80,1785,226069429
106/10/25,2173147,68.40,68.80,67.60,67.60,-1.20,1114,147806034
106/10/26,1902300,67.20,68.40,67.20,67.30,-0.30,779,129017108
106/10/27,2140022,67.60,68.80,67.10,68.20,+0.90,1042,145717696
106/10/30,3721365,69.00,69.20,66.70,67.00,-1.20,1878,254148920
106/10/31,2211600,66.90,68.40,66.50,68.40,+1.40,952,149627577
106/11/01,4364235,67.80,69.50,67.60,68.80,+0.40,1978,300235515
106/11/02,1643174,68.80,69.00,68.10,68.50,-0.30,744,112583753
106/11/03,1168000,68.50,68.90,68.00,68.00,-0.50,611,79812000
106/11/06,903495,68.30,68.40,67.10,67.40,-0.60,449,61213959
106/11/07,1304346,67.60,68.80,67.20,67.40,0.00,695,88652516
106/11/08,1673152,66.30,67.60,66.30,67.40,0.00,782,112053696
106/11/09,1054050,67.10,67.40,66.40,66.50,-0.90,566,70445350
106/11/10,403528,66.60,67.20,65.90,67.00,+0.50,281,26884390
106/11/13,561759,66.70,67.10,66.00,66.00,-1.00,394,37366320
106/11/14,709200,66.00,67.00,66.00,66.40,+0.40,463,47141457
106/11/15,216744,66.50,66.70,66.10,66.20,-0.20,169,14396475
106/11/16,765076,66.30,67.20,66.30,66.90,+0.70,492,51156298
106/11/17,993549,67.80,67.90,67.10,67.50,+0.60,707,67045463
106/11/20,393894,67.50,68.00,67.00,67.20,-0.30,310,26556764
106/11/21,343000,67.80,67.90,67.20,67.20,0.00,231,23126800
106/11/22,490536,67.40,67.40,66.30,66.40,-0.80,378,32789803
106/11/23,327216,66.50,66.90,66.20,66.40,0.00,251,21733483
106/11/24,441926,66.40,67.50,66.40,67.30,+0.90,319,29691116
106/11/27,514398,67.80,68.40,67.20,67.20,-0.10,354,34831843
106/11/28,328131,67.20,67.60,66.50,66.50,-0.70,238,21913377
106/11/29,563292,66.70,68.20,66.50,68.10,+1.60,400,37959296
106/11/30,3895933,68.00,69.90,67.70,69.40,+1.30,2166,269143368
106/12/01,3688821,70.00,71.00,68.10,69.00,-0.40,2357,257283949
106/12/04,1949371,68.60,70.40,68.60,69.00,0.00,1075,135342783
106/12/05,759885,69.10,69.90,67.50,67.60,-1.40,552,52014225
106/12/06,538615,67.70,67.80,66.60,66.80,-0.80,394,36095378
106/12/07,415523,67.00,67.60,66.50,66.70,-0.10,285,27801184
106/12/08,710490,67.20,68.20,66.90,67.60,+0.90,489,47884124
106/12/11,603402,67.80,68.20,67.30,67.50,-0.10,453,40841542
106/12/12,237132,68.00,68.20,66.90,66.90,-0.60,200,16003548
106/12/13,216001,67.10,67.90,67.00,67.00,+0.10,191,14562167
106/12/14,423001,67.30,67.50,66.80,67.00,0.00,319,28396367
106/12/15,452966,66.60,66.90,66.30,66.30,-0.70,363,30124328
106/12/18,270404,66.30,66.80,66.20,66.30,0.00,211,17955999
106/12/19,414014,66.30,66.60,65.50,65.50,-0.80,311,27306238
106/12/20,393586,65.30,66.10,65.30,65.50,0.00,293,25763962
106/12/21,557001,66.50,67.70,66.00,66.00,+0.50,440,37220468
106/12/22,284002,66.70,66.70,65.70,65.80,-0.20,225,18719032
106/12/25,1302487,65.70,68.30,65.70,68.20,+2.40,869,87997409
106/12/26,1173819,68.00,68.30,67.20,68.20,0.00,495,79566054
106/12/27,2241534,68.20,68.80,68.10,68.20,0.00,1162,153388085
106/12/28,526101,68.20,68.40,67.50,67.50,-0.70,365,35661490
106/12/29,455075,67.60,68.40,67.50,67.60,+0.10,264,30907680
107/01/02,2461218,67.60,69.90,67.60,69.00,+1.40,1429,169897442
107/01/03,1830375,69.50,70.60,69.10,69.10,+0.10,1248,127740675
107/01/04,4029119,69.60,71.90,69.10,71.20,+2.10,2677,285112451
107/01/05,2755151,71.00,72.20,70.00,71.40,+0.20,1955,196852249
107/01/08,1549005,71.60,72.00,69.30,69.80,-1.60,1111,109488045
107/01/09,900143,69.00,69.50,68.50,68.60,-1.20,638,61997608
107/01/10,433545,68.60,68.90,68.10,68.30,-0.30,314,29650313
107/01/11,297074,68.40,69.10,68.20,68.60,+0.30,205,20410381
107/01/12,287324,69.00,69.20,68.60,68.70,+0.10,202,19802222
107/01/15,281425,68.70,69.80,68.70,68.80,+0.10,230,19412425
107/01/16,323563,68.80,69.40,68.80,68.90,+0.10,246,22299986
107/01/17,391395,68.90,69.20,68.30,68.30,-0.60,263,26876893
107/01/18,313201,69.00,69.00,68.30,68.30,0.00,252,21476924
107/01/19,393204,68.30,68.80,68.10,68.10,-0.20,251,26878172
107/01/22,394276,68.80,68.80,67.70,67.90,-0.20,287,26787468
107/01/23,266297,68.20,68.40,67.80,67.80,-0.10,207,18089983
107/01/24,348002,67.90,67.90,67.30,67.30,-0.50,278,23466936
107/01/25,367386,67.60,68.00,67.20,67.80,+0.50,305,24833448
107/01/26,243000,67.90,68.10,67.50,67.70,-0.10,198,16476100
107/01/29,444603,68.80,69.30,68.00,68.30,+0.60,324,30551810
107/01/30,289574,68.30,68.50,67.40,67.70,-0.60,215,19659832
107/01/31,143005,67.40,68.00,67.10,68.00,+0.30,120,9669855
107/02/01,177231,68.40,68.40,67.80,67.80,-0.20,126,12036939
107/02/02,198898,67.60,67.80,67.50,67.50,-0.30,152,13441609
107/02/05,255657,66.90,67.50,66.70,67.30,-0.20,194,17154713
107/02/06,857378,66.70,66.70,63.50,64.70,-2.60,566,55929945
107/02/07,252221,65.90,66.00,65.00,65.10,+0.40,207,16519974
107/02/08,142006,65.70,66.50,65.20,65.60,+0.50,120,9320320
107/02/09,278629,63.00,64.90,62.90,64.90,-0.70,204,17799532
107/02/12,208588,65.20,66.20,65.20,65.30,+0.40,164,13681753
107/02/21,244195,66.20,66.50,65.70,66.30,+1.00,183,16169022
107/02/22,158115,66.50,66.70,66.00,66.60,+0.30,124,10512615
107/02/23,166354,66.90,67.20,66.60,66.80,+0.20,148,11132604
107/02/26,198234,66.90,67.00,66.30,66.40,-0.40,166,13198328
107/02/27,911260,67.00,68.80,67.00,67.80,+1.40,598,61997478
107/03/01,345150,67.50,68.20,67.30,67.60,-0.20,308,23332400
107/03/02,312192,67.50,68.50,67.40,67.90,+0.30,217,21242605
107/03/05,257365,68.30,68.50,67.50,67.50,-0.40,205,17489204
107/03/06,173676,68.00,68.00,67.30,67.30,-0.20,129,11750862
107/03/07,180152,67.30,67.40,66.70,66.90,-0.40,139,12093626
107/03/08,303297,67.00,67.90,66.70,67.60,+0.70,231,20403435
107/03/09,489074,67.60,68.30,67.60,68.20,+0.60,310,33278268
107/03/12,3360328,69.40,70.90,68.60,70.80,+2.60,2036,235815997
107/03/13,7627229,72.00,73.20,71.90,72.70,+1.90,4597,553657458
107/03/14,1841419,72.50,72.50,71.50,71.90,-0.80,1414,132465391
107/03/15,2771935,71.50,74.70,71.30,74.70,+2.80,1855,202733274
107/03/16,2817410,74.00,74.60,73.50,73.80,-0.90,1908,208477440
107/03/19,1419381,74.00,74.30,73.20,73.20,-0.60,1092,104487994
107/03/20,794928,73.00,73.60,72.50,73.00,-0.20,630,58098820
107/03/21,761707,73.40,74.00,73.00,73.10,+0.10,604,55845176
107/03/22,1206286,73.20,73.60,71.80,71.80,-1.30,844,87460544
107/03/23,1474774,70.10,73.50,70.10,73.40,+1.60,1084,106443094
107/03/26,1247454,73.40,74.10,72.50,73.30,-0.10,959,91191223
107/03/27,2275841,73.90,74.80,73.30,74.10,+0.80,1496,168701031
107/03/28,892072,73.90,74.50,73.10,73.50,-0.60,722,65705276
107/03/29,739804,73.60,74.50,73.50,73.60,+0.10,538,54640026
107/03/30,845200,74.00,74.20,73.30,73.90,+0.30,611,62346490
107/03/31,3022176,74.30,75.70,74.20,74.70,+0.80,2096,227158647
107/04/02,793300,75.10,75.20,73.60,73.80,-0.90,653,58952400
107/04/03,776802,73.40,73.50,72.90,73.20,-0.60,581,56779781
107/04/09,621190,73.20,73.70,72.00,72.30,-0.90,531,45120389
107/04/10,948337,72.00,72.00,70.70,71.00,-1.30,769,67452833
107/04/11,388468,71.00,71.80,71.00,71.50,+0.50,360,27738859
107/04/12,454775,71.60,71.70,70.80,71.00,-0.50,340,32379677
107/04/13,343748,71.00,71.40,70.90,71.00,0.00,248,24455930
107/04/16,312275,71.80,71.80,70.80,71.00,0.00,251,22197107
107/04/17,421062,71.00,71.20,70.10,70.10,-0.90,356,29624302
107/04/18,611776,70.30,71.70,69.70,71.60,+1.50,501,43207815
107/04/19,470204,71.60,72.30,71.00,71.30,-0.30,389,33670002
107/04/20,281200,71.10,71.70,70.80,71.40,+0.10,187,20043540
107/04/23,641854,71.20,71.20,69.90,70.00,-1.40,484,45143347
107/04/24,842390,69.70,69.80,67.50,67.80,-2.20,622,57491510
107/04/25,470001,67.50,68.70,67.30,68.00,+0.20,299,31936669
107/04/26,365003,67.80,68.50,67.80,68.00,0.00,270,24838104
107/04/27,228000,68.20,68.90,68.10,68.50,+0.50,178,15589400
107/04/30,217170,68.60,68.80,68.50,68.50,0.00,154,14896967
107/05/02,119013,68.50,69.10,68.50,68.70,+0.20,102,8178210
107/05/03,129990,68.80,69.00,68.50,68.80,+0.10,122,8929208
107/05/04,1209251,68.40,73.00,68.00,71.80,+3.00,880,85950120
107/05/07,542025,72.10,72.10,71.10,71.40,-0.40,397,38821795
107/05/08,2134865,71.40,73.10,71.20,72.00,+0.60,992,154428945
107/05/09,976405,72.00,72.50,71.20,71.30,-0.70,485,70290355
107/05/10,1032655,71.40,72.10,70.30,70.60,-0.70,671,73576973
107/05/11,353448,71.00,71.30,70.00,70.00,-0.60,297,24861746
107/05/14,276384,70.20,70.20,69.60,69.60,-0.40,219,19292901
107/05/15,168100,70.20,70.20,69.50,69.60,0.00,158,11723419
107/05/16,122001,69.60,70.00,69.60,69.80,+0.20,96,8516970
107/05/17,291312,70.00,70.60,69.70,69.70,-0.10,225,20430740
107/05/18,223343,69.80,70.00,69.10,69.30,-0.40,188,15539704
107/05/21,535330,69.70,71.50,69.70,71.00,+1.70,423,38008929
107/05/22,828200,71.80,71.90,70.90,70.90,-0.10,591,59204179
107/05/23,253606,71.50,71.50,70.30,70.30,-0.60,200,17917601
107/05/24,376060,70.50,71.40,70.30,70.40,+0.10,219,26592965
107/05/25,303150,70.40,71.10,69.90,70.90,+0.50,215,21409240
107/05/28,515401,71.40,72.00,71.10,71.30,+0.40,365,36848451
107/05/29,437462,71.90,72.00,71.30,71.80,+0.50,315,31338929
107/05/30,300486,71.80,71.80,70.40,70.80,-1.00,231,21309455
107/05/31,409021,71.40,71.50,70.40,70.40,-0.40,323,28932287
107/06/01,227508,70.50,71.40,70.50,71.00,+0.60,196,16148763
107/06/04,350900,71.50,71.60,71.10,71.40,+0.40,274,25044989
107/06/05,303001,72.20,72.20,70.80,70.90,-0.50,218,21595071
107/06/06,270002,71.00,71.50,71.00,71.50,+0.60,212,19261342
107/06/07,323956,71.60,71.70,71.00,71.00,-0.50,250,23067676
107/06/08,277096,71.00,71.30,70.70,71.00,0.00,209,19655216
107/06/11,1185173,71.30,73.00,70.70,72.60,+1.60,829,85431154
107/06/12,1543448,72.80,74.30,72.60,72.80,+0.20,1047,113079904
107/06/13,733307,73.40,73.70,72.10,72.60,-0.20,472,53411987
107/06/14,411151,72.60,72.90,71.70,71.70,-0.90,296,29641541
107/06/15,283004,72.50,72.50,71.50,71.90,+0.20,212,20339988
107/06/19,0,---,---,---,---,---,0,0
107/06/20,10406196,79.00,79.00,74.50,78.00,+6.10,6253,813751906
107/06/21,4714998,77.40,79.90,76.50,76.80,-1.20,3290,369760118
107/06/22,2793965,76.60,77.80,74.50,75.10,-1.70,2141,212408374
107/06/25,1836943,75.10,75.80,72.90,72.90,-2.20,1233,136333225
107/06/26,721120,72.10,73.30,71.70,72.80,-0.10,558,52194313
107/06/27,1609238,74.00,75.30,73.50,73.50,+0.70,984,119613594
107/06/28,555628,74.20,74.30,73.10,73.10,-0.40,389,40944304
107/06/29,1302128,73.60,75.50,73.60,74.40,+1.30,860,97310400
107/07/02,2200595,74.70,77.30,74.50,76.50,+2.10,1459,167440894
107/07/03,2021829,77.80,78.40,74.60,74.80,-1.70,1185,155008997
107/07/04,569467,75.00,75.80,73.70,74.60,-0.20,395,42561685
107/07/05,962168,75.40,76.00,72.60,73.00,-1.60,665,71364392
107/07/06,1034827,74.00,74.10,71.60,72.60,-0.40,556,74934538
107/07/09,420816,73.40,74.20,72.00,72.00,-0.60,322,30635737
107/07/10,682513,72.70,72.70,71.00,71.80,-0.20,462,48777280
107/07/11,2171260,76.40,76.40,74.00,74.30,+2.50,1316,162603300
107/07/12,574755,74.30,74.90,74.00,74.40,+0.10,433,42716932
107/07/13,1428003,75.00,75.80,73.80,73.80,-0.60,827,107122817
107/07/16,656219,74.10,74.10,72.10,72.80,-1.00,427,48083659
107/07/17,932734,72.60,73.00,71.70,71.70,-1.10,616,67137971
107/07/18,1129987,72.70,72.90,70.30,71.30,-0.40,739,80584567
107/07/19,470100,71.50,72.30,70.80,71.10,-0.20,338,33506900
107/07/20,1098059,71.40,71.60,69.20,69.50,-1.60,736,77012530
107/07/23,431402,70.00,70.70,69.70,70.70,+1.20,297,30285718
107/07/24,475106,71.50,71.80,71.00,71.50,+0.80,315,33925056
107/07/25,420133,72.00,72.40,72.00,72.00,+0.50,295,30302526
107/07/26,758327,72.40,73.20,72.10,72.70,+0.70,419,55113897
107/07/27,1405359,73.90,75.30,73.80,74.00,+1.30,832,104634166
107/07/30,917397,74.00,74.00,71.10,71.50,-2.50,633,66093397
107/07/31,561273,71.00,72.20,71.00,71.70,+0.20,404,40129956
107/08/01,308764,72.00,72.00,71.60,71.90,+0.20,236,22185608
107/08/02,627791,71.90,72.20,70.70,70.90,-1.00,487,44668361
107/08/03,415513,71.80,71.80,70.80,71.40,+0.50,299,29615478
107/08/06,477406,71.90,71.90,71.30,71.30,-0.10,369,34154023
107/08/07,685151,71.50,72.00,71.30,72.00,+0.70,449,49066526
107/08/08,1138363,72.20,72.30,71.70,71.90,-0.10,746,81852948
107/08/09,1118725,66.50,66.50,64.90,65.50,,731,73460766
107/08/10,915211,65.50,65.50,62.00,62.20,-3.30,698,58398793
107/08/13,1065470,62.00,62.00,56.80,57.30,-4.90,787,62607202
107/08/14,775343,57.30,59.80,56.80,59.20,+1.90,541,45009298
107/08/15,391364,59.30,59.30,57.60,58.60,-0.60,289,22894409
107/08/16,610017,58.20,60.80,58.20,60.10,+1.50,457,36555437
107/08/17,449601,60.80,60.80,58.00,58.00,-2.10,312,26604557
107/08/20,262251,58.00,58.70,57.60,58.00,0.00,186,15239883
107/08/21,146380,58.10,58.30,57.70,57.80,-0.20,124,8487140
107/08/22,209965,57.90,58.00,57.30,57.30,-0.50,152,12094886
107/08/23,625125,57.50,57.70,55.70,55.70,-1.60,432,35217700
107/08/24,234126,56.10,56.20,55.80,56.00,+0.30,178,13108982
107/08/27,666847,55.50,58.30,55.50,57.50,+1.50,430,37812348
107/08/28,236715,58.20,58.20,57.00,57.30,-0.20,182,13566037
107/08/29,192152,58.00,58.00,57.10,57.50,+0.20,153,11042682
107/08/30,155575,57.50,57.50,57.00,57.00,-0.50,124,8909727
107/08/31,181507,57.00,57.10,56.40,56.60,-0.40,130,10292099
107/09/03,595147,55.70,56.20,53.70,54.10,-2.50,442,32608272
107/09/04,388320,54.30,54.80,53.30,54.20,+0.10,244,21017638
107/09/05,219519,54.40,54.40,53.40,53.40,-0.80,138,11859726
107/09/06,338747,53.30,53.30,52.00,52.00,-1.40,260,17836814
107/09/07,1184151,51.80,51.80,47.50,48.00,-4.00,815,58384799
107/09/10,557602,48.00,48.50,46.70,46.90,-1.10,405,26477342
107/09/11,426299,46.55,47.95,46.55,47.55,+0.65,319,20112168
107/09/12,484170,47.55,47.85,46.15,46.60,-0.95,354,22636991
107/09/13,321573,47.00,47.50,46.55,46.60,0.00,259,15121404
107/09/14,502000,46.90,48.35,46.75,47.90,+1.30,346,23855348
107/09/17,475021,48.20,48.90,47.60,47.60,-0.30,251,22715385
107/09/18,385148,47.50,47.50,46.45,46.45,-1.15,263,18015054
107/09/19,304763,46.90,47.15,46.05,46.05,-0.40,229,14163302
107/09/20,252232,46.05,46.30,45.30,45.35,-0.70,203,11536472
107/09/21,335362,45.90,45.95,45.25,45.25,-0.10,236,15282312
107/09/25,195861,45.35,45.60,45.15,45.15,-0.10,163,8869235
107/09/26,202118,45.15,45.80,45.15,45.20,+0.05,156,9161928
107/09/27,577809,45.35,45.35,43.75,43.85,-1.35,396,25597253
107/09/28,715237,43.75,43.90,42.30,42.50,-1.35,522,30704433
107/10/01,391883,42.60,43.50,42.30,43.45,+0.95,288,16789408
107/10/02,395700,43.80,44.45,43.50,43.85,+0.40,311,17440309
107/10/03,357335,43.90,44.00,42.50,42.60,-1.25,279,15376453
107/10/04,313540,42.80,42.90,41.60,41.70,-0.90,250,13250151
107/10/05,738361,41.70,41.80,39.00,39.30,-2.40,572,29351440
107/10/08,394377,39.30,40.05,39.30,39.80,+0.50,278,15578066
107/10/09,476148,40.10,40.10,38.40,38.80,-1.00,350,18617845
107/10/11,733205,35.80,35.90,34.95,34.95,-3.85,458,25686940
107/10/12,672076,32.40,35.50,32.40,35.05,+0.10,464,23190136
107/10/15,267202,35.20,36.00,35.05,35.50,+0.45,183,9479026
107/10/16,292074,36.75,39.05,36.75,39.05,+3.55,149,11351889
107/10/17,2460400,42.00,42.95,39.30,40.15,+1.10,1530,102852856
107/10/18,486479,39.75,40.60,39.30,39.30,-0.85,388,19318330
107/10/19,345820,39.00,39.00,37.75,38.45,-0.85,290,13234264
107/10/22,310302,38.30,40.00,37.65,39.40,+0.95,244,12097793
107/10/23,235523,38.90,39.40,38.20,38.25,-1.15,198,9107332
107/10/24,334000,38.35,38.50,37.20,37.40,-0.85,240,12549700
107/10/25,524052,36.00,36.20,34.10,34.50,-2.90,402,18486249
107/10/26,469500,34.80,35.40,34.50,34.95,+0.45,303,16363400
107/10/29,275001,35.20,36.00,34.85,35.15,+0.20,163,9702736
107/10/30,178194,35.30,35.70,34.30,34.75,-0.40,146,6208990
107/10/31,475050,35.50,37.25,35.40,36.80,+2.05,346,17407438
107/11/01,695409,37.00,39.00,36.55,37.90,+1.10,488,26586835
107/11/02,774885,38.50,39.80,37.95,37.95,+0.05,512,30062630
107/11/08,387249,37.90,38.00,36.05,36.10,-0.85,288,14312956
107/11/09,215504,36.20,36.25,35.60,36.00,-0.10,166,7746593
107/11/12,463051,36.00,36.00,34.35,34.80,-1.20,347,16267797
107/11/16,447625,34.80,35.80,34.80,35.40,+0.70,336,15821553
107/11/19,1291419,35.65,38.70,35.60,38.40,+3.00,874,48839687
107/11/20,925374,37.70,38.35,37.40,37.85,-0.55,527,35103812
107/11/21,667663,37.50,37.85,37.00,37.60,-0.25,388,25065484
