同致,	3552
日期,成交股數,開盤價,最高價,最低價,收盤價,漲跌價差,成交筆數,成交金額
104/01/05,444142,111.00,112.50,111.00,111.50,+0.50,306,49610475
104/01/06,520820,110.00,111.00,109.00,111.00,-0.50,399,57358020
104/01/07,2856407,113.00,118.00,113.00,116.00,+5.00,2030,330768321
104/01/08,1057695,117.00,117.50,114.50,115.50,-0.50,786,122384966
104/01/09,566975,117.00,117.50,115.00,115.00,-0.50,425,65795612
104/01/12,1907700,116.00,119.50,115.50,117.00,+2.00,1285,224290400
104/01/13,927167,116.50,118.00,116.50,117.00,0.00,603,108609039
104/01/14,2103644,117.00,121.00,115.50,120.00,+3.00,1332,249999280
104/01/15,821566,120.00,120.50,117.50,119.00,-1.00,590,97353354
104/01/16,2004267,118.00,120.50,114.00,114.50,-4.50,1133,234165472
104/01/19,563338,115.50,117.00,114.00,116.00,+1.50,406,64961370
104/01/20,967622,116.00,117.00,115.00,115.50,-0.50,456,112497530
104/01/21,749300,116.00,116.50,114.00,114.00,-1.50,500,85770500
104/01/22,1550602,115.00,117.50,114.00,115.50,+1.50,844,179431230
104/01/23,684503,116.00,116.50,114.50,115.00,-0.50,466,78890592
104/01/26,873506,116.00,117.00,115.00,115.50,+0.50,568,101129941
104/01/27,453805,116.00,116.50,115.50,116.00,+0.50,307,52647880
104/01/28,2601068,116.00,120.00,115.00,119.00,+3.00,1635,308534592
104/01/29,1657909,119.00,120.00,117.00,119.50,+0.50,1024,196673671
104/01/30,1356568,120.00,121.50,119.00,119.50,0.00,878,163059870
104/02/02,669511,120.00,120.00,117.50,118.50,-1.00,512,79562051
104/02/03,1620808,118.50,121.50,118.00,119.50,+1.00,1186,194604553
104/02/04,1671503,120.00,120.00,116.00,117.00,-2.50,1260,196174851
104/02/05,1252493,117.00,118.00,115.00,116.00,-1.00,871,145717695
104/02/06,1056875,116.00,116.00,114.00,114.00,-2.00,756,121392750
104/02/09,1162938,114.00,115.00,111.50,112.00,-2.00,809,131145994
104/02/10,1191350,112.50,116.00,112.00,113.50,+1.50,779,136196725
104/02/11,624350,115.00,116.00,114.50,115.00,+1.50,449,72010250
104/02/12,589000,116.00,116.00,113.50,114.00,-1.00,393,67438500
104/02/13,462249,115.00,115.00,113.00,114.00,0.00,300,52631886
104/02/24,2300421,115.00,118.50,115.00,118.00,+4.00,1357,270787257
104/02/25,3544509,118.50,122.00,118.00,121.50,+3.50,1996,427446589
104/02/26,888681,121.50,121.50,120.00,120.50,-1.00,622,107426720
104/03/02,1630032,121.50,123.50,121.00,122.50,+2.00,1121,199659404
104/03/03,942343,123.50,124.00,120.00,121.00,-1.50,666,114311003
104/03/04,1737852,120.00,120.00,115.50,118.50,-2.50,1259,203974812
104/03/05,1126125,118.50,121.00,118.00,120.00,+1.50,859,135034062
104/03/06,5650172,120.00,128.00,120.00,128.00,+8.00,3323,709254016
104/03/09,5279464,130.00,136.00,130.00,133.00,+5.00,3524,701401972
104/03/10,1926486,134.00,134.50,130.50,132.50,-0.50,1260,254518890
104/03/11,2170165,132.50,132.50,128.50,131.00,-1.50,1299,282132529
104/03/12,3100402,132.00,134.50,127.50,134.00,+3.00,1909,406968466
104/03/13,1620211,134.00,134.50,130.50,131.50,-2.50,1071,213747641
104/03/16,3389307,131.00,131.50,124.50,127.50,-4.00,2253,430530296
104/03/17,1749200,127.50,128.50,125.50,127.50,0.00,1107,222130900
104/03/18,964196,127.50,128.50,126.50,127.00,-0.50,662,122843892
104/03/19,1815160,127.50,129.00,126.50,127.50,+0.50,1278,231385737
104/03/20,2011604,128.00,131.00,127.00,129.00,+1.50,1320,260367812
104/03/23,2165445,131.00,132.00,127.50,128.50,-0.50,1311,281584126
104/03/24,1465595,129.50,130.50,126.00,128.00,-0.50,851,187177565
104/03/25,1011960,128.50,129.50,125.50,126.50,-1.50,765,128553920
104/03/26,828408,125.50,128.50,125.00,126.50,0.00,509,105141020
104/03/27,1034127,126.50,128.00,123.50,123.50,-3.00,598,129394182
104/03/30,749572,124.00,125.50,120.50,123.50,0.00,484,92356640
104/03/31,1014212,124.00,127.00,124.00,127.00,+3.50,685,127784136
104/04/01,685268,126.50,127.00,125.00,126.50,-0.50,405,86414170
104/04/02,5040537,127.50,135.00,126.50,135.00,+8.50,3118,666011495
104/04/07,3137992,138.00,139.00,134.50,134.50,-0.50,1976,429565920
104/04/08,1188510,134.50,136.00,131.50,132.00,-2.50,866,158004563
104/04/09,1723230,134.00,136.50,130.50,131.00,-1.00,1140,230584511
104/04/10,1077800,132.00,132.50,128.00,130.50,-0.50,749,139746399
104/04/13,745654,133.00,133.00,130.50,131.50,+1.00,438,98077674
104/04/14,1450017,131.50,135.00,130.00,134.50,+3.00,973,193595778
104/04/15,684281,134.50,134.50,132.50,133.00,-1.50,423,91290232
104/04/16,1593930,134.00,137.50,133.00,136.00,+3.00,1128,216021480
104/04/17,1141474,136.00,136.50,131.50,133.00,-3.00,778,152408303
104/04/20,757514,130.50,132.00,129.00,130.50,-2.50,568,98897076
104/04/21,1230551,131.00,133.00,127.00,128.00,-2.50,768,159691803
104/04/22,1044183,128.00,132.50,127.00,132.50,+4.50,693,135182156
104/04/23,1078128,133.50,134.00,130.00,130.00,-2.50,700,141910203
104/04/24,766808,131.50,133.00,130.00,130.50,+0.50,470,100783136
104/04/27,551812,131.50,131.50,128.50,129.50,-1.00,400,71598652
104/04/28,1973488,131.00,135.50,130.00,133.00,+3.50,1407,263408404
104/04/29,2241562,135.00,138.00,133.00,136.50,+3.50,1600,304363147
104/04/30,2645268,138.00,143.00,135.50,140.00,+3.50,1855,369765520
104/05/04,1836133,142.00,145.50,138.00,143.50,+3.50,1293,261147082
104/05/05,1643066,145.00,148.00,142.50,146.00,+2.50,1199,239081099
104/05/06,1335525,146.00,148.00,143.50,144.00,-2.00,993,194420075
104/05/07,1172069,143.00,145.50,141.00,141.00,-3.00,812,167625192
104/05/08,3554800,143.00,150.50,141.00,150.50,+9.50,2190,523813392
104/05/11,2038141,154.50,155.00,144.00,145.00,-5.50,1406,301414015
104/05/12,1078715,144.50,149.50,141.00,148.00,+3.00,882,156980320
104/05/13,784041,147.00,151.50,145.00,148.50,+0.50,616,116648584
104/05/14,476213,147.50,150.00,146.00,147.00,-1.50,343,70216811
104/05/15,973474,148.00,149.00,142.00,143.50,-3.50,695,141211519
104/05/18,648207,144.50,145.00,141.50,145.00,+1.50,518,92972308
104/05/19,821377,145.50,150.50,143.00,148.00,+3.00,624,121357919
104/05/20,666831,148.00,149.50,145.50,149.00,+1.00,467,98592488
104/05/21,1647268,148.50,154.50,147.00,151.50,+2.50,1177,250159331
104/05/22,3088593,153.00,162.00,152.50,162.00,+10.50,1807,492682566
104/05/25,1273712,163.50,164.00,158.50,160.00,-2.00,971,204225708
104/05/26,1072202,160.00,162.00,157.00,158.00,-2.00,829,170549813
104/05/27,1172100,158.50,162.50,158.00,159.50,+1.50,895,188343950
104/05/28,1785402,161.50,168.50,159.50,164.50,+5.00,1364,293899125
104/05/29,992170,165.00,166.00,163.00,165.50,+1.00,782,163226633
104/06/01,2948944,167.50,182.00,166.00,182.00,+16.50,2171,518540808
104/06/02,3129892,181.00,194.00,175.50,181.00,-1.00,2573,574421952
104/06/03,1332764,181.00,185.00,174.50,174.50,-6.50,1111,237275315
104/06/04,2117467,174.50,177.00,160.00,161.00,-13.50,1565,355389121
104/06/05,1767177,161.00,165.00,157.00,164.50,+3.50,1357,285750882
104/06/08,1039526,164.00,168.00,159.00,164.00,-0.50,771,171022527
104/06/09,1462775,163.00,168.00,162.50,165.50,+1.50,1187,242150759
104/06/10,2889501,168.00,182.00,168.00,182.00,+16.50,1965,511319682
104/06/11,2051678,184.50,188.00,176.00,176.00,-6.00,1575,374993506
104/06/12,2440032,177.00,187.00,177.00,180.00,+4.00,2016,444577792
104/06/15,1048415,180.00,182.50,174.00,176.50,-3.50,832,187028329
104/06/16,864410,176.00,178.00,170.00,172.00,-4.50,749,149901840
104/06/17,1491874,175.00,181.50,174.00,178.50,+6.50,1276,264700632
104/06/18,1394721,179.50,184.50,179.00,184.00,+5.50,1101,254987943
104/06/22,2757068,186.00,198.50,184.50,193.00,+9.00,2213,528376056
104/06/23,1073785,193.00,195.00,189.00,189.00,-4.00,941,206191254
104/06/24,808572,192.00,195.00,188.00,191.50,+2.50,703,154892040
104/06/25,1450400,194.00,194.50,182.50,185.50,-6.00,1186,271179400
104/06/26,1402264,184.00,186.50,179.50,180.50,-5.00,1166,255989205
104/06/29,1566473,172.00,178.00,172.00,173.00,-7.50,1328,273724564
104/06/30,1459147,174.00,179.00,171.00,175.00,+2.00,1158,254638298
104/07/01,1592379,179.00,186.00,177.00,183.00,+8.00,1277,291986357
104/07/02,1287716,186.00,190.00,184.50,185.00,+2.00,1009,240612960
104/07/03,825934,187.00,187.50,180.50,182.00,-3.00,710,151266953
104/07/06,2439190,185.00,194.00,183.00,188.00,+6.00,1934,464177030
104/07/07,1188013,192.00,195.00,185.00,185.00,-3.00,998,224599908
104/07/08,2863116,186.50,187.00,166.50,170.00,-15.00,2131,493827460
104/07/09,1831933,161.50,172.50,153.00,172.00,+2.00,1553,303720909
104/07/13,1371276,176.00,181.50,175.00,179.50,+7.50,1183,244759404
104/07/14,905460,181.50,183.00,178.00,179.00,-0.50,735,164040300
104/07/15,526800,182.00,182.50,177.00,177.00,-2.00,438,94549600
104/07/16,493349,178.00,179.50,175.50,175.50,-1.50,422,87383773
104/07/17,838065,174.00,178.00,169.00,171.00,-4.50,744,144730644
104/07/20,826561,173.50,173.50,164.00,167.50,-3.50,700,138501248
104/07/21,892206,168.00,169.00,161.00,167.00,-0.50,726,146831593
104/07/22,1254126,163.00,164.50,158.50,160.00,-7.00,964,201521660
104/07/23,2739774,159.00,163.00,149.00,152.50,-7.50,1937,423435532
104/07/24,3550132,150.50,152.00,140.00,146.00,-6.50,2406,516454640
104/07/27,1815907,144.00,147.50,132.00,132.50,-13.50,1449,250465084
104/07/28,2284354,130.00,144.50,130.00,140.00,+7.50,1914,313955380
104/07/29,2958330,143.50,154.00,142.50,153.00,+13.00,2045,443069822
104/07/30,3013996,154.00,161.50,151.50,160.00,+7.00,2359,475393859
104/07/31,3989182,160.50,176.00,156.50,176.00,+16.00,2722,680993532
104/08/03,2519228,176.00,176.50,165.00,166.50,-9.50,2006,425942848
104/08/04,2001290,168.00,171.50,156.00,158.00,-8.50,1609,328478530
104/08/05,1885738,161.00,171.00,159.00,168.00,+10.00,1510,312787850
104/08/06,3072381,172.50,175.00,166.00,168.00,0.00,2293,524452008
104/08/07,2058709,166.00,172.00,163.00,167.50,-0.50,1477,346922256
104/08/10,3216092,167.50,184.00,166.00,182.50,+15.00,2303,573448697
104/08/11,1610366,184.50,186.50,178.00,178.00,-4.50,1388,291639148
104/08/12,1103807,179.00,181.00,175.00,177.50,-0.50,898,196838453
104/08/13,1610885,181.50,184.00,177.00,183.50,+6.00,1351,292570894
104/08/14,1376256,184.00,185.50,175.50,175.50,-8.00,1201,245844312
104/08/17,821072,175.50,180.00,172.00,178.50,+3.00,744,145007848
104/08/18,2226575,179.50,189.00,179.00,180.00,+1.50,1910,409563861
104/08/19,1562217,182.50,188.00,180.50,184.00,+4.00,1232,286609211
104/08/20,1093226,184.00,185.50,178.50,180.00,-4.00,921,198776180
104/08/21,993733,177.50,179.00,170.50,173.00,-7.00,848,173385809
104/08/24,1783515,169.50,171.00,156.00,167.50,-5.50,1177,292821035
104/08/25,1252141,169.00,174.50,165.00,170.00,+2.50,1052,214116444
104/08/26,952894,170.00,173.00,168.00,170.00,0.00,779,162419980
104/08/27,1519340,172.00,179.00,171.50,172.50,+2.50,1246,265929309
104/08/28,1409771,177.00,182.00,175.00,177.00,+4.50,1097,252068738
104/08/31,1046769,182.00,184.50,177.00,182.50,+5.50,823,189421151
104/09/01,518470,181.00,181.00,178.00,178.00,-4.50,458,92894863
104/09/02,1744785,175.00,188.00,173.50,187.00,+9.00,1253,315514510
104/09/03,2094600,185.50,188.50,178.00,179.50,,1490,384700700
104/09/04,668262,181.50,182.50,175.00,175.00,-4.50,576,119586374
104/09/07,899140,178.50,181.00,175.00,178.50,+3.50,737,160386128
104/09/08,1658815,178.50,187.00,178.50,182.00,+3.50,1293,304738015
104/09/09,1697337,186.00,191.00,183.50,187.50,+5.50,1363,318476186
104/09/10,2646913,187.50,201.00,186.50,199.50,+12.00,2057,518534727
104/09/11,1749831,199.50,204.00,197.00,200.00,+0.50,1372,351363281
104/09/14,2587340,202.50,220.00,202.50,220.00,+20.00,1952,554690300
104/09/15,1951576,227.00,227.50,219.00,219.00,-1.00,1690,434341144
104/09/16,1585253,223.00,223.00,211.00,214.50,-4.50,1423,341860395
104/09/17,2664534,217.00,220.00,206.00,206.00,-8.50,1379,558487271
104/09/18,3028786,206.00,211.00,202.50,210.00,+4.00,2070,629112774
104/09/21,1088590,204.00,209.00,202.50,204.00,-6.00,964,223814860
104/09/22,4422447,208.50,221.00,206.50,207.50,+3.50,3494,949615423
104/09/23,2224090,207.00,207.00,197.00,204.00,-3.50,1846,448002360
104/09/24,2212316,207.50,210.50,200.00,206.00,+2.00,1848,456738069
104/09/25,852603,208.50,210.00,204.50,209.50,+3.50,718,177319930
104/09/30,2963187,205.00,226.00,205.00,225.00,+15.50,2426,649585288
104/10/01,2089840,228.50,232.50,225.50,225.50,+0.50,1761,478407914
104/10/02,2004472,227.00,234.50,225.50,231.50,+6.00,1773,461917032
104/10/05,2432737,236.50,250.00,235.50,247.00,+15.50,1936,594101039
104/10/06,1843751,247.00,249.00,229.50,230.00,-17.00,1521,441483232
104/10/07,2313940,235.00,249.50,235.00,243.50,+13.50,2012,560173920
104/10/08,1661482,242.50,242.50,230.50,237.00,-6.50,1357,390106716
104/10/12,1413426,240.00,241.00,231.50,234.50,-2.50,1226,334048610
104/10/13,1350020,232.50,237.50,227.50,234.00,-0.50,1156,313504160
104/10/14,2273808,237.00,247.00,233.50,233.50,-0.50,1920,547502764
104/10/15,1717573,236.00,238.00,228.00,229.50,-4.00,1364,398193290
104/10/16,1015033,231.50,236.00,229.00,233.00,+3.50,914,235476689
104/10/19,1106903,238.00,241.00,235.50,236.00,+3.00,920,263079705
104/10/20,851080,237.00,242.00,234.00,235.00,-1.00,757,201604340
104/10/21,516307,237.50,237.50,229.00,233.50,-1.50,464,119949145
104/10/22,615848,233.50,235.50,230.50,230.50,-3.00,553,143234540
104/10/23,1478247,233.00,233.50,222.50,225.00,-5.50,1214,336785575
104/10/26,1449377,226.00,233.00,226.00,231.50,+6.50,1243,333032773
104/10/27,759463,233.50,234.50,228.00,228.00,-3.50,690,175467490
104/10/28,3900079,234.50,250.50,234.00,250.50,+22.50,3174,954455171
104/10/29,3714764,258.00,267.50,253.00,253.00,+2.50,3100,965535792
104/10/30,2431229,256.50,269.50,250.50,267.50,+14.50,2056,633499643
104/11/02,1938621,267.50,267.50,253.50,254.00,-13.50,1736,499522234
104/11/03,1812934,256.50,263.00,251.00,254.00,0.00,1527,463281736
104/11/04,1300947,257.00,261.00,253.50,253.50,-0.50,1132,333883144
104/11/05,1346905,256.00,261.50,254.00,260.00,+6.50,1136,347144441
104/11/06,2355482,271.00,274.50,258.50,259.00,-1.00,1943,624481320
104/11/09,1139736,260.50,266.00,256.50,257.50,-1.50,972,296969416
104/11/10,827743,257.00,262.00,256.00,260.50,+3.00,734,214433937
104/11/11,3897381,263.50,280.00,259.00,277.00,+16.50,3119,1058767458
104/11/12,3664482,285.00,293.00,276.00,283.50,+6.50,2941,1046576406
104/11/13,1400832,278.50,285.50,275.50,283.00,-0.50,1205,393466956
104/11/16,1548950,280.00,291.50,277.50,289.50,+6.50,1302,442235017
104/11/17,1936226,294.00,296.50,286.50,286.50,-3.00,1647,565108245
104/11/18,1649768,289.00,298.00,285.50,298.00,+11.50,1452,482287205
104/11/19,1408708,299.50,301.00,292.50,296.00,-2.00,1198,417952068
104/11/20,1215761,295.00,296.00,288.00,295.50,-0.50,1054,356456995
104/11/23,1330778,295.5,296,284,285,-10.5,1173,382956286
104/11/24,2270980,282.00,283.00,260.50,266.00,-19.00,1821,619097140
104/11/25,1585991,268.50,282.00,268.00,282.00,+16.00,1441,436300480
104/11/26,835348,285.00,286.00,280.00,280.00,-2.00,691,236228112
104/11/27,776817,280.00,289.50,276.00,287.00,+7.00,675,219461568
104/11/30,855810,286.00,286.50,275.00,286.50,-0.50,687,240909443
104/12/01,1199270,284.50,295.50,282.50,286.50,0.00,1048,347222852
104/12/02,1647144,290.00,297.50,286.00,286.00,-0.50,1361,480575972
104/12/03,795270,286.00,292.00,283.00,287.50,+1.50,700,229369624
104/12/04,1948834,285.00,304.50,285.00,302.50,+15.00,1625,579260612
104/12/07,2381232,314.50,318.50,305.50,312.00,+9.50,2057,744370384
104/12/08,947663,310.00,311.50,301.00,301.50,-10.50,851,288690878
104/12/09,1392995,300.00,305.00,292.00,303.00,+1.50,1171,416210491
104/12/10,954473,302.50,302.50,291.00,297.50,-5.50,836,283172927
104/12/11,1050357,299.50,301.00,282.50,284.00,-13.50,951,307452888
104/12/14,1748365,280.00,299.00,277.00,297.00,+13.00,1468,508688135
104/12/15,1142726,296.00,304.00,293.00,300.00,+3.00,965,342619800
104/12/16,1239839,304.50,312.00,300.50,307.00,+7.00,1059,380328395
104/12/17,938991,310.00,312.00,307.00,311.50,+4.50,815,291016691
104/12/18,439959,308.00,310.00,305.00,307.50,-4.00,417,135437349
104/12/21,1101881,306.00,308.50,295.00,301.50,-6.00,952,333579443
104/12/22,555932,304.50,305.50,297.00,297.00,-4.50,472,167294200
104/12/23,541200,300.00,304.50,298.50,299.00,+2.00,471,162983500
104/12/24,638670,303.50,304.00,294.50,295.50,-3.50,579,189966990
104/12/25,530500,293.00,300.00,288.00,300.00,+4.50,495,155523500
104/12/28,1216125,300.00,311.50,300.00,303.00,+3.00,1049,373353375
104/12/29,417293,301.00,306.50,300.50,306.00,+3.00,385,126690572
104/12/30,747814,309.50,312.00,306.00,306.00,0.00,630,231236770
104/12/31,2586973,307.50,321.50,306.00,320.00,+14.00,2142,815760414
105/01/04,1723266,324.00,333.50,317.50,329.00,+9.00,1535,563038874
105/01/05,1154895,325.00,330.00,320.00,322.00,-7.00,1028,374503190
105/01/06,1193552,325.00,325.00,307.50,310.00,-12.00,1059,376265724
105/01/07,2113407,310.00,323.00,308.00,319.00,+9.00,1918,670500125
105/01/08,2446679,319.00,348.00,318.00,344.00,+25.00,2142,821530730
105/01/11,1829476,342.00,355.00,334.00,341.00,-3.00,1696,633114816
105/01/12,1690758,338.00,347.00,323.50,323.50,-17.50,1542,565212850
105/01/13,852445,337.00,338.50,330.00,332.00,+8.50,776,284872185
105/01/14,1271889,326.00,329.00,315.00,319.00,-13.00,1139,406776147
105/01/15,1341159,324.00,330.50,307.50,308.00,-11.00,1234,426355290
105/01/18,1553752,302.00,326.00,302.00,326.00,+18.00,1360,491264908
105/01/19,2458809,326.00,358.50,322.50,351.50,+25.50,2163,845476856
105/01/20,1325324,349.00,352.50,335.50,336.00,-15.50,1197,456666160
105/01/21,2472215,344.00,364.00,340.00,350.00,+14.00,2116,873331035
105/01/22,3542098,359.00,380.00,359.00,380.00,+30.00,3068,1309008044
105/01/25,2319932,381.00,394.00,374.00,383.00,+3.00,2054,890075092
105/01/26,1625423,379.00,393.00,375.50,393.00,+10.00,1470,631778393
105/01/27,3143746,397.00,404.00,361.00,364.00,-29.00,2728,1197623290
105/01/28,3070719,364.00,377.00,351.00,365.00,+1.00,2727,1117404873
105/01/29,1698173,367.50,373.50,359.50,371.50,+6.50,1543,623560767
105/01/30,1376587,376.00,378.50,357.00,362.00,-9.50,1227,505416994
105/02/01,1886769,370.00,378.00,364.00,368.00,+6.00,1657,699377598
105/02/02,1055007,370.00,371.00,359.00,363.00,-5.00,930,383482041
105/02/03,1344418,364.00,372.50,364.00,366.50,+3.50,1233,494333693
105/02/15,2490031,375.00,397.50,373.50,396.00,+29.50,2154,967403276
105/02/16,2148412,408.50,411.50,392.50,394.50,-1.50,1883,861178740
105/02/17,2724038,401.50,422.00,397.00,418.00,+23.50,2412,1118937884
105/02/18,1366791,422.50,425.00,412.00,417.50,-0.50,1258,571371556
105/02/19,1524834,421.00,429.00,413.50,414.00,-3.50,1339,641962189
105/02/22,1368909,418.00,425.00,413.00,420.00,+6.00,1213,574780322
105/02/23,1972093,425.00,439.50,417.00,435.00,+15.00,1760,843125309
105/02/24,1355541,438.00,443.00,423.00,423.00,-12.00,1201,585605466
105/02/25,1222428,428.00,433.00,415.00,415.00,-8.00,1132,514661620
105/02/26,806526,416.00,422.00,414.50,415.00,0.00,768,336807290
105/03/01,664169,421.00,424.00,415.00,420.50,+5.50,639,278751480
105/03/02,1308885,426.50,426.50,407.00,416.50,-4.00,1122,544129486
105/03/03,1017526,416.50,421.00,409.00,412.00,-4.50,970,421274212
105/03/04,918766,413.50,416.50,403.00,403.50,-8.50,814,375296996
105/03/07,1487451,410.00,429.00,405.50,429.00,+25.50,1348,622638528
105/03/08,1623930,440.00,446.00,433.50,436.00,+7.00,1471,711955050
105/03/09,1054909,435.00,450.00,432.50,450.00,+14.00,975,464604269
105/03/10,2147964,454.00,471.00,454.00,470.50,+20.50,1900,997715052
105/03/11,1082699,469.00,471.00,454.00,457.50,-13.00,1012,500927142
105/03/14,824921,461.00,465.00,455.50,464.50,+7.00,746,380056002
105/03/15,1376324,470.00,477.00,451.50,454.50,-10.00,1256,641366948
105/03/16,751686,454.50,462.00,445.50,460.50,+6.00,720,341146188
105/03/17,971824,464.50,467.50,447.50,456.00,-4.50,886,444941244
105/03/18,2996517,469.50,501.00,469.50,501.00,+45.00,2465,1460374517
105/03/21,2923437,525.00,539.00,502.00,534.00,+33.00,2646,1521375358
105/03/22,1634049,526.00,537.00,519.00,521.00,-13.00,1476,859796627
105/03/23,1522376,528.00,535.00,507.00,507.00,-14.00,1361,793762384
105/03/24,1046875,510.00,519.00,502.00,511.00,+4.00,989,536173125
105/03/25,616612,514.00,523.00,507.00,523.00,+12.00,587,317166076
105/03/28,2597878,530.00,562.00,523.00,542.00,+19.00,2358,1416687120
105/03/29,1729172,544.00,548.00,513.00,515.00,-27.00,1567,915747096
105/03/30,1287821,516.00,526.00,511.00,511.00,-4.00,1212,665867636
105/03/31,1660110,514.00,540.00,508.00,530.00,+19.00,1537,864644300
105/04/01,1169821,532.00,540.00,525.00,529.00,-1.00,993,622832309
105/04/06,1458556,530.00,553.00,525.00,546.00,+17.00,1353,788192576
105/04/07,1176107,548.00,551.00,532.00,532.00,-14.00,1066,633979994
105/04/08,1357595,531.00,554.00,529.00,554.00,+22.00,1237,737667845
105/04/11,1501170,550.00,550.00,526.00,526.00,-28.00,1371,801464100
105/04/12,2700415,530.00,539.00,473.50,488.50,-37.50,2347,1363879713
105/04/13,2094699,499.00,514.00,491.00,510.00,+21.50,1843,1055996990
105/04/14,1209623,514.00,520.00,505.00,506.00,-4.00,1149,620116484
105/04/15,1171462,512.00,529.00,508.00,521.00,+15.00,1122,610146702
105/04/18,1027138,525.00,533.00,511.00,521.00,0.00,964,536082484
105/04/19,914748,529.00,532.00,504.00,510.00,-11.00,871,473965976
105/04/20,751857,520.00,523.00,508.00,516.00,+6.00,684,387491641
105/04/21,1956260,529.00,567.00,529.00,564.00,+48.00,1748,1076236120
105/04/22,2922967,565.00,595.00,558.00,575.00,+11.00,2739,1697427058
105/04/25,1000773,574.00,579.00,559.00,567.00,-8.00,970,569073291
105/04/26,1822407,571.00,593.00,569.00,569.00,+2.00,1734,1054393769
105/04/27,1342110,571.00,578.00,564.00,570.00,+1.00,1271,765790700
105/04/28,1992340,575.00,585.00,554.00,585.00,+15.00,1864,1139044900
105/04/29,1439596,575.00,587.00,566.00,577.00,-8.00,1317,829066084
105/05/03,983301,578.00,585.00,567.00,585.00,+8.00,950,569539085
105/05/04,1009416,580.00,584.00,568.00,572.00,-13.00,949,580974368
105/05/05,3479904,574.00,577.00,531.00,533.00,-39.00,3018,1902758256
105/05/06,492443,480.00,480.00,480.00,480.00,-53.00,406,236372640
105/05/09,949989,432.00,432.00,432.00,432.00,-48.00,542,410395248
105/05/10,7469437,400.50,407.50,393.00,400.00,-32.00,5818,2996705737
105/05/11,3883730,411.00,416.50,391.50,393.00,-7.00,3485,1571837350
105/05/12,3014283,397.00,397.00,354.00,354.00,-39.00,2229,1120543182
105/05/13,3267003,363.50,376.00,356.50,368.50,+14.50,2574,1193217107
105/05/16,2413754,370.00,370.00,339.00,356.00,-12.50,1880,852511924
105/05/17,1210427,323.00,359.50,323.00,359.50,+3.50,766,408846647
105/05/18,836908,352.00,373.00,352.00,364.00,+4.50,545,307158144
105/05/19,604234,359.00,359.00,340.00,340.00,-24.00,423,211285730
105/05/20,430465,344.00,356.50,334.00,356.50,+16.50,294,147672269
105/05/23,814798,359.00,378.00,359.00,367.00,+10.50,578,302567154
105/05/24,406654,367.00,372.00,360.00,366.50,-0.50,312,148885172
105/05/25,805026,379.00,395.00,378.50,388.00,+21.50,593,311484510
105/05/26,1204690,398.00,426.00,390.00,426.00,+38.00,793,492693250
105/05/27,504430,420.00,428.00,413.50,426.00,0.00,372,213420680
105/05/30,528305,431.00,436.00,415.00,415.00,-11.00,380,226017625
105/05/31,3586220,429.00,456.00,428.00,456.00,+41.00,2883,1595479820
105/06/01,2102654,450.00,461.50,445.00,447.00,-9.00,1943,949281492
105/06/02,2488922,450.00,456.00,413.50,421.00,-26.00,2249,1073649506
105/06/03,2474716,427.00,449.00,413.00,441.00,+20.00,2222,1065469963
105/06/04,572523,439.50,440.00,431.00,435.00,-6.00,528,249486982
105/06/06,1022479,435.00,440.00,423.50,424.00,-11.00,910,437420970
105/06/07,2778917,438.00,454.50,437.00,454.50,+30.50,2190,1246799401
105/06/08,1778675,455.00,469.00,452.00,456.50,+2.00,1569,820276950
105/06/13,1427546,459.00,464.00,442.00,448.00,-8.50,1306,646028016
105/06/14,1234791,448.00,455.00,439.50,454.50,+6.50,1127,553810114
105/06/15,629923,459.50,459.50,447.50,450.00,-4.50,595,285358927
105/06/16,810562,451.00,454.50,441.50,445.00,-5.00,746,362499090
105/06/17,879264,453.00,453.00,441.50,441.50,-3.50,814,392966952
105/06/20,1059917,445.50,445.50,428.00,436.00,-5.50,973,460554061
105/06/21,1140563,436.00,443.50,432.00,435.00,-1.00,1023,499039216
105/06/22,2534169,438.00,478.50,432.00,470.50,+35.50,2248,1168017592
105/06/23,1504567,474.00,479.00,452.00,453.00,-17.50,1398,701953851
105/06/24,2455470,454.00,472.00,437.00,444.50,-8.50,2189,1113620180
105/06/27,1383708,450.00,458.00,447.00,458.00,+13.50,1279,627777612
105/06/28,2318476,458.00,487.50,455.00,482.00,+24.00,2129,1096433456
105/06/29,1871105,490.00,495.00,472.50,472.50,-9.50,1711,905839107
105/06/30,3249122,479.00,519.00,471.00,514.00,+41.50,2830,1621263086
105/07/01,1419980,509.00,517.00,496.00,498.50,-15.50,1308,719271940
105/07/04,1636844,500.00,517.00,493.00,509.00,+10.50,1466,827719472
105/07/05,1343405,508.00,510.00,495.00,495.00,-14.00,1196,673678891
105/07/06,1163780,499.00,499.50,484.00,484.00,-11.00,1079,571847180
105/07/07,1173581,493.00,498.00,487.00,490.00,+6.00,1096,577680947
105/07/11,422731,441.00,441.00,441.00,441.00,-49.00,246,186424371
105/07/12,4702002,403.00,433.00,400.00,425.00,-16.00,3818,1948033837
105/07/13,1462414,435.00,439.00,426.00,431.00,+6.00,1354,632646396
105/07/14,2249997,431.00,439.00,404.00,410.50,-20.50,2026,942036746
105/07/15,1985964,415.50,419.50,404.00,410.00,-0.50,1769,816489168
105/07/18,1715124,412.00,426.50,405.00,425.00,+15.00,1570,716758700
105/07/19,3226238,396.00,424.00,384.00,424.00,-1.00,2802,1305697244
105/07/20,1620235,424.00,426.50,415.00,415.00,-9.00,1391,680434935
105/07/21,1323526,422.00,428.00,419.00,426.50,+11.50,1157,562360102
105/07/22,3668820,440.00,469.00,433.00,461.00,+34.50,3221,1646708102
105/07/25,2254714,471.50,478.00,455.00,456.50,-4.50,2028,1049295295
105/07/26,961654,458.50,468.00,456.00,468.00,+11.50,907,445487087
105/07/27,1271353,465.00,475.00,459.00,461.00,-7.00,1180,593216733
105/07/28,1426877,459.00,464.50,436.00,440.00,-21.00,1349,640674757
105/07/29,1815889,445.50,451.50,427.00,432.00,-8.00,1694,794562660
105/08/01,793399,438.00,438.50,427.00,429.00,-3.00,733,342448767
105/08/02,1081619,434.00,444.00,428.00,428.00,-1.00,1057,470876932
105/08/03,1234325,425.00,439.00,422.00,439.00,+11.00,1132,531678000
105/08/04,1569805,444.00,459.00,441.00,454.00,+15.00,1469,706325970
105/08/05,4049653,463.00,499.00,458.00,498.00,+44.00,3304,1958558403
105/08/08,1563611,500.00,506.00,475.00,477.00,-21.00,1459,764781359
105/08/09,1751307,480.00,488.50,473.50,473.50,-3.50,1600,842337363
105/08/10,2777736,478.50,502.00,477.00,481.00,+7.50,2487,1361217516
105/08/11,1212554,485.00,489.50,475.00,479.00,-2.00,1113,582590920
105/08/12,1064253,483.50,485.00,470.50,471.00,-8.00,989,506599916
105/08/15,1832880,477.00,497.50,477.00,495.00,+24.00,1601,897024460
105/08/16,1495706,495.00,504.00,488.00,492.00,-3.00,1324,741456940
105/08/17,3747812,497.50,525.00,490.00,490.00,-2.00,3210,1897577568
105/08/18,1651494,492.50,503.00,485.50,493.00,+3.00,1487,814106054
105/08/19,1693747,501.00,501.00,477.50,481.00,-12.00,1509,826347807
105/08/22,1719041,484.50,487.00,460.00,460.00,-21.00,1562,809309229
105/08/23,1240600,464.50,472.00,460.00,464.00,+4.00,1121,577795900
105/08/24,816352,469.00,473.50,463.50,467.00,+3.00,738,381685236
105/08/25,1086762,472.00,478.00,471.00,472.00,+5.00,879,514730352
105/08/26,1277601,467.50,482.00,466.00,474.00,+2.00,1124,605665870
105/08/29,1028601,475.00,475.00,463.00,466.00,-8.00,931,480338566
105/08/30,852714,470.50,477.50,468.00,476.00,+10.00,753,404933218
105/08/31,732740,479.00,484.50,478.00,484.00,+8.00,660,353230440
105/09/01,501490,489.50,492.00,477.50,477.50,-6.50,453,243270973
105/09/02,1329348,480.00,482.00,432.00,438.00,-39.50,1183,604338290
105/09/05,1652521,440.50,445.00,417.50,425.50,,1509,709897572
105/09/06,1916530,451.00,468.00,450.00,468.00,+42.50,1598,882115040
105/09/07,2160878,477.00,483.00,470.00,480.00,+12.00,1882,1033304440
105/09/08,1375656,477.00,493.50,473.00,486.50,+6.50,1274,668403140
105/09/09,669774,483.50,489.00,480.50,489.00,+2.50,638,325559664
105/09/10,647460,476.00,481.50,467.00,472.50,-16.50,611,307329540
105/09/12,1441637,469.00,469.00,435.50,446.00,-26.50,1350,652804650
105/09/13,1631925,455.00,456.50,435.50,453.00,+7.00,1468,730759536
105/09/14,1469926,448.00,470.50,440.00,470.50,+17.50,1294,665291794
105/09/19,801441,470.50,476.00,465.50,471.50,+1.00,773,377860430
105/09/20,661160,470.00,480.00,467.00,470.50,-1.00,621,313345380
105/09/21,838900,472.00,477.00,466.00,466.00,-4.50,806,393610200
105/09/22,1615562,470.00,485.00,467.00,480.00,+14.00,1457,770249698
105/09/23,974706,478.00,487.00,474.00,481.00,+1.00,919,468260468
105/09/26,849034,476.00,476.00,466.50,466.50,-14.50,782,399566480
105/09/29,2838447,463.00,465.00,447.50,448.00,-18.50,1434,1283601544
105/09/30,1344222,441.00,452.50,438.00,439.00,-9.00,1238,596336337
105/10/03,1210030,443.50,454.00,439.00,451.50,+12.50,1112,542089044
105/10/04,1431210,457.50,460.00,445.50,450.00,-1.50,1261,645937390
105/10/05,1718955,447.00,448.00,431.50,435.00,-15.00,1598,750003790
105/10/06,3204786,461.00,478.00,460.00,474.00,+39.00,2782,1505464096
105/10/07,911712,472.00,474.00,462.00,468.50,-5.50,826,426319792
105/10/11,844041,472.00,475.50,457.00,461.00,-7.50,786,392428860
105/10/12,664218,458.00,466.50,454.00,459.00,-2.00,626,305922013
105/10/13,462485,460.00,464.50,456.00,457.50,-1.50,450,212736175
105/10/14,1575535,456.00,467.50,437.00,446.00,-11.50,1474,710188610
105/10/17,959356,444.50,448.00,433.00,443.50,-2.50,888,422043382
105/10/18,813600,444.50,454.50,444.50,447.00,+3.50,745,365633500
105/10/19,953628,448.00,450.00,438.00,445.00,-2.00,868,422364600
105/10/20,746507,451.50,453.00,445.00,452.50,+7.50,684,336116164
105/10/21,561512,452.50,456.00,447.00,456.00,+3.50,528,254299972
105/10/24,1058185,463.50,473.00,460.00,467.00,+11.00,948,495272525
105/10/25,1339700,475.00,476.50,458.00,458.00,-9.00,1170,624259600
105/10/26,849220,458.50,463.50,450.00,453.50,-4.50,651,386716320
105/10/27,756070,457.00,465.00,457.00,460.50,+7.00,697,348632060
105/10/28,686567,461.00,461.00,448.00,451.00,-9.50,641,310684717
105/10/31,802600,451.00,463.00,450.00,462.00,+11.00,704,366959000
105/11/01,424190,459.00,465.00,457.50,462.00,0.00,383,195695350
105/11/02,1283550,455.00,455.00,433.50,433.50,-28.50,1195,570238900
105/11/03,3298035,429.00,435.00,390.50,390.50,-43.00,3009,1346427185
105/11/04,1988206,388.00,397.00,378.00,390.00,-0.50,1815,771268752
105/11/07,4145460,397.00,401.50,351.00,364.00,-26.00,3617,1533734360
105/11/08,4667790,365.00,365.00,328.00,328.00,-36.00,4141,1582565297
105/11/09,4431681,332.00,338.50,305.00,312.50,-15.50,3804,1432343015
105/11/10,3876138,329.00,340.00,318.50,331.00,+18.50,3358,1282208592
105/11/11,884493,320.00,325.50,315.50,325.50,-5.50,770,283693467
105/11/14,676586,328.00,330.00,320.00,325.50,0.00,598,220575950
105/11/15,1182096,322.50,324.00,305.00,309.50,-16.00,953,367859308
105/11/16,1288956,305.00,316.50,291.00,292.00,-17.50,1144,389007020
105/11/17,1955501,292.00,302.00,285.00,296.00,+4.00,1611,573638301
105/11/18,1300222,300.00,308.50,295.00,304.00,+8.00,1027,393080764
105/11/21,1048638,304.00,310.00,297.00,297.00,-7.00,949,319290624
105/11/22,1011216,301.00,306.50,297.00,302.00,+5.00,847,305309800
105/11/23,1059221,305.00,311.50,305.00,306.50,+4.50,890,326462010
105/11/24,924947,306.50,311.00,303.50,307.00,+0.50,713,283475335
105/11/25,2100563,312.00,316.50,308.00,309.00,+2.00,1648,655033030
105/11/28,1726827,309.00,316.00,307.00,316.00,+7.00,1470,539763242
105/11/29,4472602,308.00,308.00,284.50,284.50,-31.50,3752,1309045274
105/11/30,3800540,278.00,282.00,272.00,275.00,-9.50,2987,1049988967
105/12/01,2053760,277.00,279.50,273.00,276.50,+1.50,1680,566243520
105/12/02,4210582,277.00,281.00,256.50,260.00,-16.50,3462,1129166230
105/12/05,3063262,259.50,271.50,256.50,271.50,+11.50,2506,814154550
105/12/06,5732061,285.00,298.50,285.00,298.50,+27.00,4137,1674586205
105/12/07,3816643,301.50,305.00,296.00,296.00,-2.50,3198,1143775257
105/12/08,2517515,302.00,303.50,288.00,291.00,-5.00,2167,746640741
105/12/09,1685406,292.50,296.50,289.00,294.00,+3.00,1444,492877470
105/12/12,1665014,296.00,298.50,286.00,286.00,-8.00,1481,482713018
105/12/13,2167100,286.50,287.50,276.50,286.00,0.00,1852,609720500
105/12/14,3241713,290.00,303.00,286.50,293.50,+7.50,2784,958537122
105/12/15,1547530,290.50,297.50,288.50,295.50,+2.00,1377,455202500
105/12/16,1501996,291.00,294.00,287.00,290.50,-5.00,1344,436735832
105/12/19,1860069,291.50,297.00,287.00,287.00,-3.50,1565,543894803
105/12/20,3708575,287.00,289.50,271.00,273.00,-14.00,3232,1022603850
105/12/21,2231930,279.50,282.50,275.00,275.00,+2.00,1954,621980141
105/12/22,5889907,280.00,296.50,280.00,290.50,+15.50,4863,1702241885
105/12/23,1865366,290.50,290.50,283.50,285.00,-5.50,1551,534458042
105/12/26,1148140,288.00,291.00,284.00,284.50,-0.50,1010,329654890
105/12/27,679800,286.00,286.00,281.00,281.50,-3.00,598,192204499
105/12/28,1806235,282.50,291.50,282.00,285.50,+4.00,1614,518866150
105/12/29,2108155,286.00,294.00,284.50,288.50,+3.00,1854,612709295
105/12/30,1293770,293.00,294.50,289.00,289.50,+1.00,1128,376640000
106/01/03,3452680,292.50,304.50,291.00,300.50,+11.00,2884,1033450339
106/01/04,2765523,305.00,307.00,297.00,298.00,-2.50,2412,833910923
106/01/05,1779275,301.50,304.50,296.50,300.00,+2.00,1577,534896375
106/01/06,2385070,302.50,309.50,301.00,302.50,+2.50,2027,727065630
106/01/09,2847866,299.00,299.00,284.00,286.50,-16.00,2469,825640774
106/01/10,1075692,285.00,290.00,285.00,289.50,+3.00,936,309846600
106/01/11,908566,290.50,292.50,288.00,288.00,-1.50,823,263043640
106/01/12,1453515,291.00,295.00,289.50,292.00,+4.00,1257,424421380
106/01/13,2175700,294.00,299.00,289.50,292.00,0.00,1882,640552100
106/01/16,2110672,295.50,300.00,294.00,297.50,+5.50,1834,627228590
106/01/17,1822600,300.50,304.50,298.00,298.00,+0.50,1571,548990000
106/01/18,1170135,295.00,301.50,294.50,300.00,+2.00,1054,348722850
106/01/19,1271465,302.50,304.00,298.50,298.50,-1.50,1040,382634220
106/01/20,895199,299.00,300.00,295.00,295.00,-3.50,784,265269404
106/01/23,1211585,297.50,303.50,296.00,300.00,+5.00,927,363158290
106/01/24,1880919,303.00,305.00,293.00,294.00,-6.00,1494,562274605
106/02/02,1820308,297.00,302.00,292.00,302.00,+8.00,1556,542867900
106/02/03,5150146,307.00,332.00,307.00,332.00,+30.00,3603,1673240972
106/02/06,4504958,342.00,344.50,330.00,331.00,-1.00,3597,1524600472
106/02/07,1892349,336.00,339.50,329.00,334.00,+3.00,1584,633432113
106/02/08,1284255,333.00,334.00,326.50,328.00,-6.00,1118,422846150
106/02/09,4251322,330.50,354.50,330.50,342.00,+14.00,3802,1460148101
106/02/10,3179517,348.00,352.00,340.50,344.00,+2.00,2769,1103941139
106/02/13,1050074,346.00,349.00,339.00,344.00,0.00,937,360302956
106/02/14,3070203,352.00,362.00,346.50,347.00,+3.00,2698,1087200847
106/02/15,971236,350.00,351.50,345.50,347.00,0.00,877,337521892
106/02/16,1539895,348.00,349.00,335.50,336.00,-11.00,1400,522181220
106/02/17,1192870,336.00,338.50,330.00,330.50,-5.50,1051,396265901
106/02/18,959963,335.00,340.00,333.00,337.50,+7.00,840,323940011
106/02/20,965687,337.00,343.00,330.50,330.50,-7.00,875,325235897
106/02/21,884191,332.50,334.00,325.00,329.00,-1.50,814,290137339
106/02/22,696251,332.50,334.50,327.50,328.50,-0.50,665,230420703
106/02/23,697658,331.50,331.50,328.00,329.00,+0.50,641,230082140
106/02/24,1624091,330.00,330.00,315.00,318.50,-10.50,1481,518546474
106/03/01,1219400,318.00,318.00,308.00,314.00,-4.50,1029,380789000
106/03/02,1249960,319.00,320.00,308.00,308.00,-6.00,1089,391585997
106/03/03,1044154,309.00,309.50,304.00,304.50,-3.50,870,319122432
106/03/06,800379,304.50,310.00,304.50,309.50,+5.00,720,246311369
106/03/07,621920,310.00,311.50,306.50,309.50,0.00,557,192287300
106/03/08,1652179,282.00,282.50,279.00,279.00,-30.50,1149,462534441
106/03/09,6703992,260.00,266.50,252.00,265.00,-14.00,5389,1737568856
106/03/10,2340958,265.00,271.00,261.50,267.00,+2.00,2007,623743618
106/03/13,1299429,271.00,271.50,262.50,264.50,-2.50,1127,346686043
106/03/14,951532,268.00,270.00,266.00,267.00,+2.50,830,254674140
106/03/15,1333490,271.00,276.00,270.00,271.00,+4.00,1213,363682770
106/03/16,1174710,277.50,279.00,274.00,274.00,+3.00,1048,323851460
106/03/17,1522600,275.00,276.00,267.00,271.00,-3.00,1295,410999700
106/03/20,823465,271.50,273.00,267.00,269.00,-2.00,747,221805050
106/03/21,1673010,270.00,270.00,261.50,262.00,-7.00,1400,441264150
106/03/22,2021130,255.50,260.00,254.50,259.00,-3.00,1726,519107560
106/03/23,1280530,265.00,269.00,263.00,264.00,+5.00,1135,340230980
106/03/24,562640,264.50,266.00,261.00,261.00,-3.00,512,147608138
106/03/27,569168,260.00,264.50,259.00,260.00,-1.00,527,149022848
106/03/28,1297714,263.50,263.50,251.50,260.00,0.00,1188,332632640
106/03/29,1525450,261.50,271.00,258.50,264.50,+4.50,1378,405021450
106/03/30,683679,264.00,266.50,262.50,262.50,-2.00,623,180292256
106/03/31,511205,265.00,265.50,261.50,261.50,-1.00,440,134535415
106/04/05,879259,264.00,267.50,261.00,261.50,0.00,784,231509726
106/04/06,606400,263.00,263.00,257.00,257.00,-4.50,561,157028000
106/04/07,898103,258.50,259.00,251.50,253.00,-4.00,770,228123074
106/04/10,1490166,253.00,255.50,232.00,239.00,-14.00,1347,363715004
106/04/11,3785105,239.00,242.00,216.00,216.00,-23.00,3153,848632641
106/04/12,3543676,210.00,213.00,202.50,204.00,-12.00,2964,735899255
106/04/13,2658195,205.00,210.00,199.00,200.00,-4.00,2361,543533585
106/04/14,2077897,200.00,209.50,198.50,202.50,+2.50,1906,424421988
106/04/17,2024487,207.50,210.00,204.00,206.00,+3.50,1755,419751283
106/04/18,2248196,208.00,208.00,199.50,201.50,-4.50,1866,455169788
106/04/19,7970700,197.50,218.50,189.00,214.50,+13.00,6650,1629728641
106/04/20,7255850,212.50,223.00,202.00,202.00,-12.50,6009,1544435972
106/04/21,2272262,206.00,208.50,202.50,204.50,+2.50,1949,467360075
106/04/24,1820330,207.00,211.00,203.50,206.50,+2.00,1582,378153972
106/04/25,2251458,208.50,209.50,201.00,202.00,-4.50,2000,460125198
106/04/26,1407164,205.00,206.50,202.50,203.50,+1.50,1207,287539537
106/04/27,3674307,205.50,215.50,205.00,210.00,+6.50,3132,776433277
106/04/28,2275099,213.00,215.50,207.00,207.00,-3.00,1896,479857191
106/05/02,1546620,208.50,210.50,203.00,203.00,-4.00,1294,319407100
106/05/03,3091413,204.50,213.50,202.00,208.50,+5.50,2628,642862230
106/05/04,5765803,211.00,219.00,209.50,214.00,+5.50,4626,1240961645
106/05/05,2411094,215.00,217.00,207.00,207.00,-7.00,2053,511192646
106/05/08,7084935,196.00,198.50,186.50,186.50,-20.50,5745,1359994345
106/05/09,4519334,186.50,189.50,179.00,189.00,+2.50,3664,836231285
106/05/10,2987668,191.00,192.00,186.50,187.00,-2.00,2544,563477249
106/05/11,2169801,189.50,192.50,184.50,187.00,0.00,1827,409675088
106/05/12,2421932,189.00,192.00,185.50,185.50,-1.50,1870,456440284
106/05/15,1680381,187.50,192.00,187.50,188.00,+2.50,1360,318555198
106/05/16,1978575,190.00,193.50,188.00,188.50,+0.50,1654,377701959
106/05/17,2212250,190.00,190.50,182.00,182.50,-6.00,1839,408231250
106/05/18,3502384,178.50,186.00,172.50,186.00,+3.50,2885,630390540
106/05/19,1011940,187.50,187.50,182.50,182.50,-3.50,855,186593520
106/05/22,1301741,183.00,183.50,178.00,180.00,-2.50,1065,234107380
106/05/23,1574960,180.00,184.00,176.50,176.50,-3.50,1280,282725397
106/05/24,1588416,178.00,179.00,174.00,175.00,-1.50,1219,280345548
106/05/25,2013560,176.00,180.50,175.00,178.00,+3.00,1645,358127300
106/05/26,879029,179.00,180.50,177.00,177.00,-1.00,771,157052142
106/05/31,1004064,180.50,180.50,173.50,173.50,-3.50,845,176692200
106/06/01,962500,174.50,176.50,174.00,175.50,+2.00,769,168571249
106/06/02,1572400,177.50,179.50,176.00,178.50,+3.00,1219,279461100
106/06/03,1326605,179.50,184.00,177.00,181.00,+2.50,1114,240534715
106/06/05,4188162,182.50,192.50,181.50,191.00,+10.00,3515,788934442
106/06/06,2034909,189.00,189.00,185.50,185.50,-5.50,1688,380475751
106/06/07,5053436,185.50,196.50,185.50,193.50,+8.00,3970,977333520
106/06/08,4944986,195.00,203.00,192.00,200.50,+7.00,4074,984976188
106/06/09,3689633,200.00,206.00,196.00,196.00,-4.50,3018,743475834
106/06/12,1359315,196.00,198.50,194.00,196.50,+0.50,1137,267093870
106/06/13,1715610,198.00,201.00,191.00,192.00,-4.50,1484,336598840
106/06/14,2984206,193.50,194.00,184.00,184.50,-7.50,2414,557841552
106/06/15,1355182,185.50,187.00,180.50,182.50,-2.00,1183,247867716
106/06/16,1047560,183.50,186.50,182.00,186.50,+4.00,864,193579220
106/06/19,1243302,188.00,189.50,184.00,184.00,-2.50,1015,231492624
106/06/20,870360,186.00,188.00,184.50,185.00,+1.00,741,161998680
106/06/21,882132,185.00,187.50,184.00,186.00,+1.00,782,164178816
106/06/22,3055690,187.00,194.50,186.00,191.50,+5.50,2487,585876480
106/06/23,1217054,193.00,193.50,189.00,191.50,0.00,998,232951868
106/06/26,2386349,193.50,198.00,193.00,195.50,+4.00,1926,466287228
106/06/27,1472350,197.50,197.50,190.50,190.50,-5.00,1140,285585400
106/06/28,1029766,190.00,191.50,188.50,189.00,-1.50,805,195303656
106/06/29,1012480,191.50,191.50,186.50,186.50,-2.50,760,191400500
106/06/30,1152010,184.50,189.00,184.50,189.00,+2.50,923,215146900
106/07/03,686547,189.50,190.00,187.00,187.00,-2.00,545,129294383
106/07/04,1213486,188.00,189.00,183.50,183.50,-3.50,904,224864652
106/07/05,891113,185.50,187.50,183.50,187.50,+4.00,753,165905187
106/07/06,712623,188.00,188.00,185.00,186.00,-1.50,606,132536870
106/07/07,4147299,184.00,184.00,174.50,175.00,-11.00,3103,739585021
106/07/10,2778335,175.00,178.50,170.00,172.00,-3.00,2093,483793460
106/07/11,1756298,173.50,174.00,170.00,170.50,-1.50,1283,300808054
106/07/12,1720100,172.00,176.00,171.50,172.00,+1.50,1345,298015300
106/07/13,1307842,173.00,175.00,171.00,171.50,-0.50,913,226204008
106/07/14,746697,172.00,174.00,171.50,172.50,+1.00,610,128980581
106/07/17,816310,174.50,175.50,173.50,174.50,+2.00,678,142472560
106/07/18,677232,175.00,175.50,172.00,172.00,-2.50,505,117378868
106/07/19,6878051,174.00,189.00,173.50,189.00,+17.00,4834,1270246139
106/07/20,7208911,192.50,198.00,189.50,195.50,+6.50,5397,1399777095
106/07/21,2969536,197.50,198.00,193.00,193.50,-2.00,2342,580319324
106/07/24,1280911,195.00,195.50,191.50,192.00,-1.50,1009,247175364
106/07/25,9846251,193.50,210.00,193.50,204.50,+12.50,7432,2003605455
106/07/26,3528645,206.00,208.50,202.00,202.50,-2.00,2906,724630400
106/07/27,4987564,203.50,213.00,203.50,206.50,+4.00,3801,1044285632
106/07/28,3335920,206.00,212.00,204.00,205.50,-1.00,2709,693642555
106/07/31,5193922,208.00,216.50,207.50,215.00,+9.50,4124,1106239152
106/08/01,3716698,215.50,217.50,210.50,213.00,-2.00,2893,795581174
106/08/02,2610646,217.00,217.00,211.00,211.50,-1.50,1990,557953452
106/08/03,6020056,215.00,221.00,212.50,212.50,+1.00,4640,1311181040
106/08/04,2106277,215.50,217.50,212.50,213.00,+0.50,1795,451542001
106/08/07,2175817,215.50,217.50,213.00,213.50,+0.50,1856,467525926
106/08/08,2757614,216.00,217.50,211.50,211.50,-2.00,2123,591936396
106/08/09,4106513,204.00,204.00,193.00,195.00,-16.50,3435,813580100
106/08/10,3962758,196.00,197.50,178.00,183.50,-11.50,3243,739899004
106/08/11,2063149,180.00,188.00,180.00,187.50,+4.00,1700,380946661
106/08/14,1721731,189.00,189.00,178.00,180.00,-7.50,1410,314572004
106/08/15,5506700,183.00,184.00,170.00,174.50,-5.50,4356,960246800
106/08/16,1488500,173.00,177.50,172.50,175.50,+1.00,1216,260713120
106/08/17,4068535,177.00,190.00,175.50,188.00,+12.50,3367,757012720
106/08/18,1614657,185.00,186.50,181.00,186.50,-1.50,1362,298390526
106/08/21,1636791,189.00,194.00,187.00,188.00,+1.50,1425,312694499
106/08/22,956795,191.00,191.00,186.00,186.00,-2.00,840,179135560
106/08/23,1922958,189.50,189.50,181.00,181.00,-5.00,1516,354246331
106/08/24,1388620,177.00,180.00,176.50,178.00,,1158,247160100
106/08/25,553445,180.00,180.00,175.50,178.00,0.00,509,98320600
106/08/28,832380,179.50,179.50,175.00,175.00,-3.00,710,147179760
106/08/29,1086200,174.50,178.50,172.50,176.00,+1.00,958,190477000
106/08/30,687500,177.00,178.00,175.00,175.00,-1.00,606,120995000
106/08/31,3497288,176.00,186.50,176.00,182.50,+7.50,2807,639980057
106/09/01,1386733,183.50,183.50,179.50,181.50,-1.00,1197,251034639
106/09/04,1314222,179.50,185.50,178.50,179.50,-2.00,1122,239087959
106/09/05,2224754,182.00,185.00,179.50,185.00,+5.50,1716,407184490
106/09/06,1672450,185.50,188.00,180.00,180.50,-4.50,1381,306327750
106/09/07,1549095,184.50,186.00,178.50,178.50,-2.00,1269,281092100
106/09/08,937801,179,183,178.5,180.5,2,798,169273078
106/09/11,1532530,182.50,184.50,179.00,180.00,-0.50,1152,278619164
106/09/12,10765974,182.00,198.00,180.00,198.00,+18.00,7548,2069545352
106/09/13,12532373,201.50,210.50,200.00,203.50,+5.50,9502,2575709265
106/09/14,4525108,207.50,209.50,204.50,207.00,+3.50,3550,937832856
106/09/15,7000481,210.00,215.50,201.50,201.50,-5.50,5408,1467508662
106/09/18,3791143,203.00,203.50,195.00,197.00,-4.50,3035,751689239
106/09/19,4415551,199.00,206.50,193.00,194.00,-3.00,3511,884624496
106/09/20,3061674,196.50,203.00,194.50,202.00,+8.00,2563,610041974
106/09/21,7918085,205.50,215.00,205.00,212.50,+10.50,6111,1672537555
106/09/22,6593936,214.50,216.50,209.00,214.00,+1.50,5130,1405807804
106/09/25,6678466,220.00,222.00,212.00,214.00,0.00,5219,1448340224
106/09/26,4771655,213.00,213.50,196.00,199.50,-14.50,3739,981857171
106/09/27,3143800,201.50,208.00,200.50,205.00,+5.50,2463,643283600
106/09/28,1477454,205.00,207.50,201.00,203.00,-2.00,1298,301679570
106/09/29,1916878,203.50,203.50,196.50,198.00,-5.00,1657,382209658
106/09/30,934550,203.00,204.00,201.50,201.50,+3.50,802,189388150
106/10/02,3883750,205.00,213.50,202.50,212.50,+11.00,3060,817525370
106/10/03,2367185,211.00,212.50,209.00,212.50,0.00,1915,500028035
106/10/05,10775373,215.00,233.50,215.00,233.50,+21.00,7075,2452464593
106/10/06,7625405,235.00,236.50,225.00,227.50,-6.00,5853,1758988245
106/10/11,5520643,223.00,226.00,215.00,216.00,-11.50,4245,1211100174
106/10/12,4331952,218.00,224.50,213.50,219.50,+3.50,3504,955486962
106/10/13,2023983,219.50,222.00,217.50,217.50,-2.00,1595,443886766
106/10/16,1629715,220.00,223.50,218.00,218.00,+0.50,1344,358520223
106/10/17,5847774,221.50,229.50,219.00,219.00,+1.00,4711,1316383780
106/10/18,2760730,222.50,224.00,215.00,217.00,-2.00,2333,605003140
106/10/19,1662267,219.00,223.50,219.00,222.50,+5.50,1445,367211902
106/10/20,1553364,221.50,225.00,219.00,221.00,-1.50,1323,344067444
106/10/23,1890031,223.00,226.00,220.50,221.50,+0.50,1537,421882851
106/10/24,2402858,223.00,224.00,216.00,216.50,-5.00,1952,524029902
106/10/25,1967521,218.50,219.00,210.00,210.00,-6.50,1635,422131973
106/10/26,2478318,206.00,208.00,202.50,204.00,-6.00,2142,506825508
106/10/27,2655155,206.50,208.50,196.00,197.00,-7.00,2207,536998345
106/10/30,2380320,200.00,201.50,189.50,193.50,-3.50,1877,461660220
106/10/31,1121114,196.00,197.50,193.00,195.50,+2.00,984,218984800
106/11/01,2383374,199.00,205.00,197.00,202.00,+6.50,2060,481182609
106/11/02,2299420,198.50,198.50,190.00,195.50,-6.50,1934,445628790
106/11/03,874135,196.00,197.50,193.00,194.00,-1.50,754,170147595
106/11/06,581269,196.00,196.00,192.00,195.00,+1.00,499,112978031
106/11/07,1849081,196.50,196.50,187.00,188.00,-7.00,1612,350240928
106/11/08,3006612,190.00,191.00,181.00,183.00,-5.00,2495,555311332
106/11/09,6127320,178.00,181.00,170.00,173.50,-9.50,4696,1071305151
106/11/10,7430153,171.00,171.00,157.00,162.00,-11.50,5547,1206341659
106/11/13,4585803,159.50,159.50,148.00,148.00,-14.00,3638,702310147
106/11/14,3670920,150.50,154.50,148.00,148.00,0.00,2810,553388080
106/11/15,4678870,143.50,147.00,141.50,143.50,-4.50,3187,673290208
106/11/16,3985197,146.50,148.50,143.00,143.00,-0.50,2666,579293868
106/11/17,2600490,146.00,147.50,143.50,143.50,+0.50,1937,377434560
106/11/20,1774984,146.00,147.50,144.00,145.00,+1.50,1309,258671664
106/11/21,2577900,146.00,151.50,145.50,148.50,+3.50,1985,384098300
106/11/22,1896734,151.00,153.00,150.00,150.00,+1.50,1538,286880965
106/11/23,2594244,150.50,150.50,142.50,143.50,-6.50,2030,375998746
106/11/24,4734504,144.00,154.50,142.00,149.50,+6.00,3543,709006361
106/11/27,1670696,152.00,154.00,150.50,151.50,+2.00,1355,253970638
106/11/28,4032060,154.00,160.50,151.50,157.50,+6.00,3150,632613567
106/11/29,2046340,159.00,159.00,154.00,154.50,-3.00,1592,319534380
106/11/30,2052213,155.00,159.00,152.50,154.00,-0.50,1535,320557228
106/12/01,2126322,157.50,158.00,149.00,153.00,-1.00,1681,327257910
106/12/04,1145300,154.00,156.50,151.50,151.50,-1.50,943,176347550
106/12/05,1465901,152.00,152.00,146.00,146.50,-5.00,1220,218536895
106/12/06,2301981,146.50,151.00,144.00,146.00,-0.50,1824,338729715
106/12/07,1379580,147.00,148.00,142.00,146.00,0.00,1026,200299130
106/12/08,2848351,160.50,160.50,159.00,160.50,+14.50,1794,456797335
106/12/11,8106461,169.50,175.00,168.50,173.50,+13.00,5531,1386760675
106/12/12,2594895,170.50,172.00,168.00,169.50,-4.00,2105,440894593
106/12/13,5432019,176.00,179.50,170.00,170.50,+1.00,4231,949601755
106/12/14,2011434,171.50,174.00,170.50,170.50,0.00,1660,345595929
106/12/15,2357599,170.50,170.50,163.50,165.50,-5.00,1823,391321934
106/12/18,2187603,167.00,172.50,166.50,168.00,+2.50,1730,371047010
106/12/19,1322011,167.50,169.00,164.00,164.50,-3.50,1009,219232342
106/12/20,1524500,167.00,169.50,165.00,168.50,+4.00,1225,255902248
106/12/21,1643765,170.00,171.50,166.00,167.00,-1.50,1337,278130050
106/12/22,1148100,170.50,171.00,168.00,169.00,+2.00,944,194438500
106/12/25,2224382,169.50,174.00,169.00,169.50,+0.50,1659,381618204
106/12/26,1775187,170.00,170.50,164.00,166.50,-3.00,1251,296433695
106/12/27,2232623,167.50,173.00,166.00,172.50,+6.00,1704,380807464
106/12/28,5870538,178.00,179.50,174.00,174.50,+2.00,4536,1039735917
106/12/29,1414105,175.50,176.00,172.00,172.00,-2.50,1125,245282611
107/01/02,877066,172.00,175.50,171.50,172.50,+0.50,747,152174918
107/01/03,1009590,174.00,174.50,172.00,174.00,+1.50,796,174766570
107/01/04,1148410,175.00,175.00,171.50,171.50,-2.50,896,198733930
107/01/05,6096977,174.50,182.00,174.50,178.50,+7.00,4640,1088513416
107/01/08,2979196,177.00,177.50,171.50,173.00,-5.50,2213,518099300
107/01/09,1999811,174.50,175.00,167.00,168.00,-5.00,1620,340804897
107/01/10,1377913,169.50,169.50,164.00,164.50,-3.50,1144,228093100
107/01/11,1242549,164.50,164.50,160.00,160.00,-4.50,1051,200723810
107/01/12,915814,160.50,164.00,160.50,161.50,+1.50,741,148654682
107/01/15,1227188,163.00,167.50,161.50,165.00,+3.50,1078,202217520
107/01/16,1028260,164.00,164.00,161.00,162.00,-3.00,904,166754620
107/01/17,648425,162.50,164.50,162.00,162.50,+0.50,582,105845562
107/01/18,516102,164.00,164.50,162.50,163.50,+1.00,457,84333728
107/01/19,1126600,164.50,168.00,163.00,165.00,+1.50,966,186807400
107/01/22,989244,165.00,165.00,160.50,163.00,-2.00,765,160739516
107/01/23,1477507,162.50,164.50,157.00,158.00,-5.00,1195,235894620
107/01/24,865404,158.00,162.50,158.00,161.50,+3.50,732,138916948
107/01/25,591026,160.00,164.50,160.00,160.00,-1.50,504,95468686
107/01/26,584706,160.00,162.00,159.00,161.50,+1.50,519,93915519
107/01/29,528244,162.00,163.50,160.50,161.00,-0.50,458,85357028
107/01/30,914865,161.00,162.00,157.00,157.50,-3.50,770,146107600
107/01/31,1571082,156.50,162.50,156.00,158.00,+0.50,1278,249978956
107/02/01,1083300,160.00,161.50,157.50,158.00,0.00,910,172904850
107/02/02,730608,159.00,159.50,156.50,156.50,-1.50,629,114933259
107/02/05,1364470,150.00,152.50,146.00,152.50,-4.00,1179,204294380
107/02/06,2880354,148.50,149.50,137.50,140.00,-12.50,2355,408746733
107/02/07,1545119,146.00,146.00,142.00,142.00,+2.00,1030,222085255
107/02/08,1169381,144.00,145.50,139.50,139.50,-2.50,1034,165879340
107/02/09,2023933,128.00,134.50,128.00,133.00,-6.50,1648,265077821
107/02/12,869001,135.50,136.00,133.00,134.00,+1.00,668,116600635
107/02/21,1778788,138.50,147.00,137.50,146.50,+12.50,1470,255148336
107/02/22,2456981,147.00,152.50,145.00,148.00,+1.50,1946,368020150
107/02/23,1170167,151.50,152.00,147.00,147.50,-0.50,932,174721550
107/02/26,654032,149.50,151.00,146.00,147.50,0.00,540,97079715
107/02/27,1138035,149.50,151.00,146.50,147.50,0.00,830,169356160
107/03/01,769205,146.50,146.50,143.00,146.00,-1.50,620,111384250
107/03/02,392500,143.50,147.00,143.50,145.50,-0.50,344,57107250
107/03/05,417354,147.50,147.50,144.50,144.50,-1.00,361,60840007
107/03/06,647548,147.00,148.00,144.50,144.50,0.00,462,94371184
107/03/07,1546965,144.50,150.50,144.50,147.50,+3.00,1206,229252355
107/03/08,1146240,148.00,149.50,147.00,148.50,+1.00,859,169750760
107/03/09,1635525,144.50,146.00,143.00,144.00,-4.50,1218,235935625
107/03/12,1266430,145.00,146.00,141.00,145.00,+1.00,1002,182420280
107/03/13,2549214,145.00,153.50,145.00,149.50,+4.50,2033,383044704
107/03/14,871872,151.00,151.50,148.00,148.00,-1.50,711,130236991
107/03/15,706711,146.00,148.50,146.00,146.00,-2.00,584,103655306
107/03/16,540000,148.00,148.00,145.00,145.50,-0.50,464,78946000
107/03/19,585500,147.00,148.50,145.50,147.00,+1.50,510,86309000
107/03/20,4052778,139.00,139.50,136.00,138.50,-8.50,3079,558179529
107/03/21,2721912,136.00,136.50,132.00,134.00,-4.50,2203,364690620
107/03/22,1044356,134.00,135.50,132.00,132.00,-2.00,922,139375668
107/03/23,1101231,128.00,131.00,125.00,131.00,-1.00,893,141568337
107/03/26,535616,133.50,133.50,131.00,132.00,+1.00,455,70808464
107/03/27,512017,134.00,134.50,131.00,131.50,-0.50,451,67774744
107/03/28,582343,132.00,132.50,128.50,128.50,-3.00,498,75570590
107/03/29,1576406,129.00,129.50,123.00,124.50,-4.00,1165,197440250
107/03/30,1333507,127.00,131.00,125.50,129.50,+5.00,1101,172192162
107/03/31,394864,131.00,131.00,128.00,128.50,-1.00,327,50918456
107/04/02,320192,129.50,130.00,127.50,127.50,-1.00,260,41149978
107/04/03,475388,125.50,126.00,124.50,125.00,-2.50,400,59538388
107/04/09,1447611,127.00,134.00,127.00,131.50,+6.50,1211,190415985
107/04/10,642766,132.00,134.00,129.50,130.50,-1.00,555,84577080
107/04/11,542022,133.00,133.00,129.50,130.00,-0.50,464,70921870
107/04/12,508060,130.00,131.50,129.50,131.50,+1.50,432,66254889
107/04/13,1026095,131.00,137.00,131.00,132.00,+0.50,884,137368586
107/04/16,480134,133.50,134.50,131.50,132.00,0.00,400,63711754
107/04/17,433273,132.00,132.50,128.50,129.50,-2.50,367,56377990
107/04/18,500324,129.50,132.00,126.50,127.50,-2.00,428,64186281
107/04/19,314730,129.50,130.00,128.00,129.00,+1.50,262,40505940
107/04/20,447043,129.00,129.50,126.00,126.50,-2.50,378,56925961
107/04/23,499787,126.00,126.50,123.00,123.00,-3.50,425,61859693
107/04/24,827637,124.00,124.00,115.50,116.50,-6.50,677,97502206
107/04/25,441816,114.00,118.00,113.50,115.50,-1.00,382,51004156
107/04/26,620577,117.00,118.00,110.00,110.00,-5.50,532,70374332
107/04/27,1094126,112.50,114.00,107.00,108.00,-2.00,886,119482364
107/04/30,585370,109.00,110.00,107.50,109.00,+1.00,499,63606200
107/05/02,451521,110.00,110.00,107.50,108.00,-1.00,412,48960528
107/05/03,1104559,107.50,107.50,103.50,103.50,-4.50,868,115881636
107/05/04,1069318,103.50,108.00,103.50,105.00,+1.50,933,113059708
107/05/07,955159,104.50,106.00,102.00,102.50,-2.50,875,98660377
107/05/08,1614101,103.00,108.00,103.00,105.50,+3.00,1271,170465812
107/05/09,794546,105.00,106.00,102.50,102.50,-3.00,664,82376330
107/05/10,2185924,104.00,109.50,103.00,108.50,+6.00,1741,234179792
107/05/11,1772412,108.00,108.50,105.00,107.00,-1.50,1334,188624996
107/05/14,1835623,106.00,106.00,102.00,102.00,-5.00,1546,189019415
107/05/15,2907208,102.50,105.00,95.80,95.80,-6.20,2405,287206984
107/05/16,2269561,94.50,95.70,93.10,93.10,-2.70,1891,213532440
107/05/17,1716626,94.70,95.60,93.50,93.50,+0.40,1419,162121444
107/05/18,980700,93.30,95.50,93.30,95.50,+2.00,846,92784956
107/05/21,3195582,97.00,104.50,96.70,103.00,+7.50,2512,323421751
107/05/22,2044591,105.00,105.00,101.50,102.50,-0.50,1561,210875373
107/05/23,1583700,104.00,105.50,102.00,103.50,+1.00,1200,164464500
107/05/24,1743250,105.00,107.50,104.00,105.00,+1.50,1352,184758624
107/05/25,814150,104.00,104.50,103.00,103.00,-2.00,657,84227800
107/05/28,919660,104.00,105.50,103.00,104.00,+1.00,707,95815640
107/05/29,1605253,106.00,108.50,105.00,105.50,+1.50,1261,170980944
107/05/30,667156,104.50,104.50,103.00,103.50,-2.00,536,69227724
107/05/31,758333,105.50,106.00,102.00,102.00,-1.50,590,78637962
