F-科納          ,	4984
日期,成交股數,開盤價,最高價,最低價,收盤價,漲跌價差,成交筆數,成交金額
104/01/05,312203,42.75,44.30,42.75,43.70,-0.65,213,13632071
104/01/06,302369,43.55,43.55,42.40,42.60,-1.10,220,12937428
104/01/07,447006,42.60,44.35,42.30,43.60,1.00,324,19497611
104/01/08,551599,43.90,44.00,42.50,42.60,-1.00,343,23644266
104/01/09,419014,43.05,43.20,42.40,42.40,-0.20,233,17874896
104/01/12,533007,42.00,42.00,41.05,41.05,-1.35,328,22061537
104/01/13,331100,40.70,41.85,40.70,41.80,0.75,214,13712239
104/01/14,559000,41.55,41.70,39.60,39.85,-1.95,401,22555400
104/01/15,461277,39.70,40.75,39.50,39.90,0.05,280,18461600
104/01/16,451050,39.90,40.10,38.20,38.65,-1.25,329,17504030
104/01/19,343020,38.75,39.50,37.55,37.55,-1.10,230,13227650
104/01/20,403025,37.90,38.90,37.65,38.50,0.95,281,15418857
104/01/21,328000,38.50,39.40,38.50,39.00,0.50,195,12766750
104/01/22,224000,39.05,39.30,38.50,38.70,-0.30,134,8734450
104/01/23,199000,39.10,39.40,38.90,39.00,0.30,123,7785400
104/01/26,243000,39.00,39.40,38.50,39.40,0.40,135,9474050
104/01/27,199308,39.40,39.50,38.65,38.65,-0.75,134,7772688
104/01/28,216402,38.60,38.60,38.05,38.10,-0.55,143,8268246
104/01/29,164050,37.90,38.05,37.65,37.80,-0.30,89,6202652
104/01/30,97100,38.00,38.40,37.60,37.60,-0.20,79,3671329
104/02/02,137320,37.00,37.95,36.85,37.40,-0.20,102,5111614
104/02/03,103200,37.50,37.80,37.45,37.70,0.30,58,3879490
104/02/04,107453,38.05,38.30,37.90,38.00,0.30,82,4087198
104/02/05,143000,38.30,38.50,38.00,38.15,0.15,83,5470100
104/02/06,110303,38.15,38.15,37.35,37.40,-0.75,79,4140962
104/02/09,88000,37.60,37.60,37.15,37.25,-0.15,53,3286550
104/02/10,151000,37.25,37.55,36.80,36.80,-0.45,91,5585900
104/02/11,66007,37.00,37.40,36.80,37.00,0.20,48,2445357
104/02/12,96000,36.70,37.20,36.20,36.60,-0.40,64,3520750
104/02/13,79429,36.80,36.80,36.50,36.55,-0.05,53,2908471
104/02/24,88180,36.80,37.20,36.65,36.65,0.10,65,3254265
104/02/25,77000,37.20,37.20,36.75,36.95,0.30,50,2850150
104/02/26,108535,37.10,37.20,36.80,37.10,0.15,69,4013197
104/03/02,722301,37.20,39.65,37.20,39.10,2.00,429,28460139
104/03/03,398260,39.00,39.00,38.05,38.20,-0.90,274,15282205
104/03/04,221151,38.05,39.10,38.05,38.50,0.30,173,8570313
104/03/05,272195,38.80,39.50,38.80,39.20,0.70,201,10657203
104/03/06,464734,39.80,40.20,38.80,40.20,1.00,273,18479003
104/03/09,1032039,41.10,42.20,40.60,41.70,1.50,692,42963780
104/03/10,587153,41.70,41.90,40.30,40.50,-1.20,393,24017196
104/03/11,438050,40.00,41.70,39.80,40.85,0.35,313,17888442
104/03/12,682021,42.00,42.35,41.40,41.40,0.55,436,28595071
104/03/13,373021,41.60,42.00,41.05,41.20,-0.20,205,15487217
104/03/16,634253,41.20,42.45,41.20,41.70,0.50,382,26423999
104/03/17,611253,42.30,42.75,41.55,41.55,-0.15,410,25768411
104/03/18,1130300,41.60,43.80,41.55,43.35,1.80,653,48261903
104/03/19,970039,43.95,43.95,42.60,43.05,-0.30,557,41875140
104/03/20,2745300,44.00,45.40,41.70,41.90,-1.15,1527,119628969
104/03/23,594050,42.10,42.50,41.10,41.20,-0.70,391,24751927
104/03/24,645300,41.20,41.40,40.20,40.30,-0.90,431,26236754
104/03/25,785050,40.30,41.00,38.80,39.00,-1.30,486,31173642
104/03/26,307005,39.00,39.40,38.40,38.90,-0.10,214,11949505
104/03/27,278000,39.00,39.80,38.70,38.80,-0.10,176,10875850
104/03/30,409011,38.50,40.10,38.50,39.00,0.20,245,16075885
104/03/31,260000,39.40,39.65,39.00,39.45,0.45,145,10234750
104/04/01,168051,39.95,40.00,39.00,39.25,-0.20,127,6663221
104/04/02,303074,39.30,39.45,38.70,38.90,-0.35,179,11835778
104/04/07,222051,39.10,39.35,38.90,38.90,,132,8676983
104/04/08,861050,38.50,38.50,36.50,36.70,-2.20,542,32194495
104/04/09,296000,36.70,37.30,36.70,36.90,0.20,196,10924300
104/04/10,499189,37.00,37.10,35.60,35.65,-1.25,325,18041272
104/04/13,191050,35.80,36.30,35.70,36.15,0.50,129,6872474
104/04/14,148001,36.20,36.95,36.20,36.85,0.70,115,5423187
104/04/15,225000,36.95,37.35,36.50,36.80,-0.05,143,8304200
104/04/16,118050,36.85,37.00,36.65,36.85,0.05,84,4348344
104/04/17,141053,36.90,37.05,36.10,36.10,-0.75,113,5178650
104/04/20,106001,36.10,36.50,35.85,35.90,-0.20,77,3821987
104/04/21,633000,36.20,38.40,36.00,37.40,1.50,421,23886050
104/04/22,318050,37.80,38.50,36.50,36.90,-0.50,242,11877495
104/04/23,215000,37.10,37.20,36.10,36.70,-0.20,149,7881900
104/04/24,73000,37.30,37.40,36.70,36.90,0.20,64,2697550
104/04/27,106355,37.05,37.60,36.90,37.00,0.10,84,3944052
104/04/28,151000,36.90,37.00,36.20,36.30,-0.70,116,5523600
104/04/29,175000,37.25,37.25,36.40,36.55,0.25,112,6457450
104/04/30,249050,36.55,36.80,35.90,36.00,-0.55,166,9007100
104/05/04,125000,36.00,36.90,35.75,36.50,0.50,97,4541450
104/05/05,170343,36.50,36.50,35.50,35.70,-0.80,118,6107062
104/05/06,174000,35.50,36.00,35.00,35.90,0.20,143,6187600
104/05/07,478910,35.45,35.45,33.80,33.80,-2.10,339,16584907
104/05/08,449304,33.80,34.15,32.20,32.50,-1.30,312,14735723
104/05/11,514050,32.70,32.70,30.25,30.25,-2.25,316,15795967
104/05/12,446001,30.25,30.90,29.10,30.90,0.65,303,13346932
104/05/13,250000,31.00,32.00,31.00,32.00,1.10,175,7909700
104/05/14,186015,32.00,32.30,31.00,32.30,0.30,137,5888710
104/05/15,681270,34.55,34.55,33.50,33.85,1.55,434,23253883
104/05/18,257000,33.85,34.00,32.50,33.35,-0.50,170,8570000
104/05/19,306076,33.20,35.00,33.20,34.40,1.05,205,10457153
104/05/20,156000,34.80,34.90,34.05,34.20,-0.20,112,5360150
104/05/21,137200,34.60,34.60,34.05,34.05,-0.15,108,4693120
104/05/22,139015,34.15,34.40,34.00,34.00,-0.05,104,4743857
104/05/25,106100,34.30,34.55,34.05,34.10,0.10,70,3633200
104/05/26,96100,34.35,34.40,33.70,33.80,-0.30,66,3271090
104/05/27,175100,33.75,33.85,33.30,33.30,-0.50,126,5880320
104/05/28,160866,33.85,34.20,33.50,33.50,0.20,122,5428901
104/05/29,789807,33.65,35.80,33.55,35.80,2.30,481,27902090
104/06/01,869292,35.90,37.80,35.60,37.45,1.65,589,32094955
104/06/02,423407,38.00,38.30,36.60,36.65,-0.80,297,15895525
104/06/03,230000,37.50,37.50,36.10,36.15,-0.50,176,8486450
104/06/04,269500,37.50,37.50,35.00,35.60,-0.55,197,9764700
104/06/05,175300,36.80,36.80,35.20,35.70,0.10,117,6263595
104/06/08,126000,35.00,35.55,34.65,34.85,-0.85,96,4405950
104/06/09,308300,34.85,35.00,32.00,32.00,-2.85,181,10301990
104/06/10,284158,31.50,32.90,31.50,32.55,0.55,181,9183939
104/06/11,111000,33.05,33.40,32.55,32.75,0.20,78,3665750
104/06/12,94000,33.00,33.70,32.70,32.75,,82,3112350
104/06/15,113052,32.55,32.55,32.10,32.20,-0.55,84,3653240
104/06/16,77000,31.90,32.05,31.75,31.90,-0.30,65,2451250
104/06/17,97000,33.30,33.30,32.30,32.45,0.55,80,3172600
104/06/18,43000,32.60,32.95,32.60,32.95,0.50,34,1414150
104/06/22,108967,33.15,33.45,32.00,32.25,-0.70,85,3554944
104/06/23,84000,32.90,33.15,32.50,32.60,0.35,70,2758950
104/06/24,105000,33.80,33.80,33.00,33.00,0.40,82,3495250
104/06/25,162246,33.15,34.85,33.05,34.40,1.40,107,5481012
104/06/26,80033,34.50,34.80,33.90,33.90,-0.50,74,2742768
104/06/29,66017,33.50,33.50,32.90,32.90,-1.00,60,2180358
104/06/30,115000,34.20,34.20,32.80,33.00,0.10,76,3807100
104/07/01,80000,33.15,33.45,33.05,33.05,0.05,62,2661850
104/07/02,72000,33.30,33.70,33.30,33.40,0.35,51,2407950
104/07/03,46000,34.10,34.10,33.30,33.30,-0.10,40,1538850
104/07/06,92000,33.75,33.75,32.00,32.70,-0.60,55,2994000
104/07/07,1028503,34.80,35.95,34.25,35.95,3.25,603,36705831
104/07/08,2224661,35.85,38.80,35.50,37.80,1.85,1486,82855583
104/07/09,1064797,37.20,38.70,34.05,37.25,-0.55,750,39232925
104/07/13,1012134,38.00,38.85,37.50,38.20,0.95,664,38713479
104/07/14,1721492,39.35,40.55,36.50,37.40,-0.80,1084,67620293
104/07/15,553050,38.00,38.45,36.90,37.30,-0.10,407,20744765
104/07/16,975184,38.00,39.45,37.30,38.80,1.50,611,37651820
104/07/17,2118554,39.80,41.25,39.20,40.10,1.30,1245,85481585
104/07/20,605530,40.30,40.90,38.30,38.30,-1.80,420,23725575
104/07/21,811567,36.70,38.00,35.50,36.05,-2.25,470,29542417
104/07/22,279001,36.45,37.20,36.00,36.40,0.35,194,10198086
104/07/23,703000,36.05,36.70,33.40,34.70,-1.70,374,24206850
104/07/24,292123,34.70,35.00,33.65,34.00,-0.70,161,9987732
104/07/27,524450,34.00,34.10,30.60,30.60,-3.40,288,16822420
104/07/28,720359,29.50,31.75,29.50,31.50,0.90,316,22384314
104/07/29,487022,30.50,31.30,29.65,31.00,X,340,14841227
104/07/30,323110,32.00,33.00,31.25,32.10,1.10,241,10449508
104/07/31,224109,32.20,32.85,31.50,32.15,0.05,159,7203838
104/08/03,150324,32.00,32.00,30.90,31.20,-0.95,122,4699144
104/08/04,201000,30.90,32.30,30.60,31.25,0.05,157,6350500
104/08/05,660103,31.85,33.50,31.85,33.00,1.75,334,21522799
104/08/06,679129,33.55,34.50,32.65,34.00,1.00,389,22953436
104/08/07,196000,33.70,33.70,32.50,33.35,-0.65,140,6555300
104/08/10,267000,33.50,34.35,33.35,34.20,0.85,179,9057700
104/08/11,401039,34.30,34.70,32.15,32.15,-2.05,228,13338299
104/08/12,206100,31.30,32.50,31.00,31.50,-0.65,163,6487810
104/08/13,94000,31.95,31.95,31.10,31.45,-0.05,80,2968550
104/08/14,62000,31.40,31.70,31.30,31.40,-0.05,50,1952100
104/08/17,237099,30.65,30.85,29.60,30.00,-1.40,163,7134128
104/08/18,161004,30.00,30.25,29.05,29.10,-0.90,116,4766467
104/08/19,409392,29.00,29.10,26.80,26.80,-2.30,250,11361861
104/08/20,175000,26.80,27.80,26.70,27.50,0.70,142,4786700
104/08/21,251035,27.00,27.05,25.55,25.55,-1.95,182,6527297
104/08/24,959005,23.00,24.00,23.00,23.00,-2.55,355,22120665
104/08/25,374000,20.85,23.25,20.85,22.80,-0.20,193,8378650
104/08/26,311000,22.20,23.90,21.80,23.70,0.90,199,7064550
104/08/27,347013,24.50,25.70,24.00,24.50,0.80,205,8552425
104/08/28,230000,25.30,25.85,25.00,25.50,1.00,144,5844900
104/08/31,131000,25.70,25.70,25.20,25.20,-0.30,90,3332900
104/09/01,113000,25.20,26.30,25.20,25.75,0.55,71,2912250
104/09/02,148000,25.05,26.30,25.05,26.20,0.45,82,3823200
104/09/03,166000,26.95,27.40,26.20,26.60,0.40,102,4458150
104/09/04,190254,27.00,27.20,26.70,27.00,0.40,127,5117657
104/09/07,154000,27.10,27.55,26.90,27.55,0.55,100,4201500
104/09/08,131000,27.45,27.80,27.20,27.50,-0.05,74,3615000
104/09/09,237952,28.15,29.00,27.80,28.60,1.10,172,6767986
104/09/10,192195,28.60,29.35,28.60,29.20,0.60,115,5582014
104/09/11,378051,29.00,30.60,29.00,29.95,0.75,224,11333840
104/09/14,189000,30.05,30.30,29.20,29.50,-0.45,104,5649800
104/09/15,147004,29.00,29.50,29.00,29.30,-0.20,91,4300316
104/09/16,105101,29.45,29.75,29.30,29.40,0.10,68,3096698
104/09/17,84100,29.60,30.20,29.60,29.70,0.30,70,2517345
104/09/18,114000,29.70,30.35,29.30,30.20,0.50,86,3423350
104/09/21,58000,30.20,30.20,29.40,29.80,-0.40,46,1724700
104/09/22,76383,30.00,30.40,29.80,29.80,,61,2296813
104/09/23,156002,30.10,30.20,29.55,29.80,,101,4644860
104/09/24,111000,30.00,30.15,28.90,29.30,-0.50,70,3266350
104/09/25,97000,29.20,29.80,28.30,29.80,0.50,53,2825950
104/09/30,16000,29.00,29.90,29.00,29.80,,16,469650
104/10/01,144000,29.80,31.20,29.70,30.25,0.45,96,4405850
104/10/02,153050,30.40,31.20,30.35,30.70,0.45,101,4716200
104/10/05,151000,31.00,31.50,30.60,30.80,0.10,98,4656300
104/10/06,130203,31.25,31.25,30.50,30.50,-0.30,68,4003200
104/10/07,309251,33.55,33.55,33.55,33.55,3.05,129,10375369
104/10/08,1631779,36.90,36.90,35.30,36.00,2.45,1072,59371137
104/10/12,672256,37.50,37.60,34.80,35.80,-0.20,446,24255703
104/10/13,1695050,35.85,39.00,35.85,38.35,2.55,955,63915767
104/10/14,829271,38.65,38.70,37.20,37.20,-1.15,500,31285125
104/10/15,1257699,38.20,39.60,36.40,36.40,-0.80,801,48109702
104/10/16,603103,36.80,37.20,35.70,35.85,-0.55,368,21933386
104/10/19,686050,35.90,36.25,34.00,34.80,-1.05,431,23957079
104/10/20,425000,34.90,36.70,34.90,35.40,0.60,297,15205300
104/10/21,401000,35.55,36.60,35.30,35.80,0.40,207,14302150
104/10/22,308000,35.90,36.20,35.10,35.10,-0.70,190,10950550
104/10/23,303000,35.80,36.20,35.25,35.30,0.20,189,10796300
104/10/26,698000,35.95,36.90,35.35,36.70,1.40,367,25258600
104/10/27,375000,36.80,36.80,35.65,35.85,-0.85,243,13544400
104/10/28,186000,35.80,36.00,35.20,35.30,-0.55,125,6586350
104/10/29,375000,35.65,35.75,34.40,34.45,-0.85,227,13159050
104/10/30,171068,34.55,35.00,34.05,34.35,-0.10,117,5891305
104/11/02,149203,34.25,35.05,34.00,34.60,0.25,128,5134832
104/11/03,1225130,34.80,38.05,34.75,36.50,1.90,757,45116190
104/11/04,328055,36.70,37.00,36.00,36.40,-0.10,221,11992721
104/11/05,1184082,37.80,38.40,37.10,37.70,1.30,666,44650775
104/11/06,2041350,38.70,40.30,38.00,38.20,0.50,1316,79910492
104/11/09,725130,38.50,38.80,36.90,36.90,-1.30,409,27454097
104/11/10,325001,36.80,38.20,36.50,37.50,0.60,228,12195737
104/11/11,410050,37.20,37.70,35.55,36.50,-1.00,292,14984764
104/11/12,258741,36.50,37.50,35.60,36.80,0.30,202,9436600
104/11/13,3493100,37.70,40.45,37.65,39.15,2.35,1788,137803995
104/11/16,1415201,39.00,39.95,38.00,39.80,0.65,857,55356268
104/11/17,1358700,40.40,41.20,39.00,40.00,0.20,795,54497309
104/11/18,559520,40.25,40.60,39.30,40.45,0.45,346,22292728
104/11/19,1793532,41.40,42.35,40.60,42.00,1.55,1066,74979983
104/11/20,764856,42.00,42.10,40.95,41.35,-0.65,458,31688381
104/11/23,613000,41.70,42.00,40.45,41.00,-0.35,363,25106200
104/11/24,598100,41.20,41.70,39.60,40.15,-0.85,338,24015340
104/11/25,340100,40.00,40.50,39.40,39.85,-0.30,197,13480234
104/11/26,939388,40.20,42.35,40.00,42.25,2.40,636,39014462
104/11/27,1294110,42.60,44.15,41.60,43.80,1.55,818,55911644
104/11/30,457210,43.80,43.80,42.50,42.95,-0.85,310,19612736
104/12/01,414119,43.00,43.50,42.40,43.00,0.05,281,17696193
104/12/02,309000,43.00,43.00,42.25,42.25,-0.75,201,13128800
104/12/03,219101,42.00,42.80,41.70,42.45,0.20,155,9266012
104/12/04,221305,41.90,42.10,41.70,41.95,-0.50,147,9267418
104/12/07,969947,43.80,45.10,42.25,42.60,0.65,568,42274954
104/12/08,484254,43.15,43.15,41.15,41.40,-1.20,324,20457713
104/12/09,574319,41.40,41.50,39.40,40.25,-1.15,352,23112510
104/12/10,292000,40.00,41.00,39.05,40.50,0.25,174,11659000
104/12/11,439035,40.50,40.50,38.15,38.30,-2.20,226,17246739
104/12/14,342000,38.00,40.15,37.60,39.30,1.00,206,13338200
104/12/15,202050,39.70,40.20,39.60,39.80,0.50,128,8059740
104/12/16,464267,40.40,42.10,40.00,42.10,2.30,292,19161686
104/12/17,591271,42.20,43.60,42.20,43.00,0.90,372,25439848
104/12/18,490525,43.10,44.30,42.65,43.50,0.50,340,21410157
104/12/21,2131016,43.05,47.85,42.80,47.85,4.35,1056,99572560
104/12/22,2472365,49.30,51.70,45.70,46.00,-1.85,1651,121998290
104/12/23,1069101,46.20,47.10,44.70,45.00,-1.00,727,48943468
104/12/24,678130,46.05,46.90,45.55,45.75,0.75,480,31260821
104/12/25,370833,45.80,46.90,45.10,45.50,-0.25,256,16916701
104/12/28,365050,46.10,46.50,44.70,44.75,-0.75,263,16635324
104/12/29,228000,45.10,46.10,44.15,45.15,0.40,166,10285300
104/12/30,234100,45.40,46.60,45.20,45.50,0.35,183,10732774
104/12/31,207050,45.50,46.90,45.50,46.15,0.65,152,9566707
105/01/04,471000,46.80,46.80,43.80,43.80,-2.35,347,21104250
105/01/05,434552,43.10,44.90,42.50,43.40,-0.40,297,18872340
105/01/06,320050,43.80,44.75,42.50,44.70,1.30,238,13977140
105/01/07,519201,44.70,44.70,42.00,42.80,-1.90,349,22417341
105/01/08,469000,42.50,47.00,41.85,44.85,2.05,334,20750850
105/01/11,357050,44.50,44.50,43.05,43.05,-1.80,229,15595389
105/01/12,460082,43.40,43.60,41.05,41.40,-1.65,297,19366193
105/01/13,257069,41.50,42.40,41.05,41.70,0.30,166,10709984
105/01/14,443171,41.50,41.50,39.00,39.65,-2.05,305,17653495
105/01/15,146000,40.00,40.25,39.15,39.80,0.15,100,5812600
105/01/18,273000,39.00,41.35,38.75,40.75,0.95,164,10987450
105/01/19,231000,40.95,41.05,40.15,40.70,-0.05,135,9391200
105/01/20,219000,40.60,40.60,39.10,39.65,-1.05,172,8728200
105/01/21,84000,39.55,39.95,39.20,39.50,-0.15,59,3325500
105/01/22,181000,40.00,40.85,39.30,40.00,0.50,108,7266750
105/01/25,257358,40.20,40.85,39.90,40.60,0.60,128,10404887
105/01/26,525155,40.60,43.30,40.20,42.40,1.80,344,21970421
105/01/27,374232,42.40,43.00,41.00,41.20,-1.20,210,15606107
105/01/28,210000,41.20,42.45,41.20,42.45,1.25,161,8822850
105/01/29,392050,42.15,43.50,41.65,43.35,0.90,262,16786520
105/01/30,253000,43.70,44.30,43.30,43.55,0.20,167,11060850
105/02/01,260152,43.65,43.65,42.50,42.65,-0.90,167,11147762
105/02/02,154034,42.30,43.15,42.15,43.15,0.50,94,6613060
105/02/03,105150,42.55,43.20,42.55,43.20,0.05,77,4512880
105/02/15,247181,43.20,45.10,42.80,45.10,1.90,189,10889389
105/02/16,594022,45.10,45.20,43.00,43.20,-1.90,425,26084557
105/02/17,395001,43.50,44.15,42.90,43.50,0.30,188,17114343
105/02/18,425000,43.85,44.45,43.15,44.10,0.60,227,18613800
105/02/19,235000,44.00,44.30,43.55,43.70,-0.40,148,10292550
105/02/22,1210601,43.75,47.20,43.75,47.00,3.30,742,55276494
105/02/23,1147106,46.95,49.50,46.60,47.95,0.95,794,55291080
105/02/24,680015,47.60,49.10,47.25,48.10,0.15,403,32673822
105/02/25,518050,48.10,49.10,47.30,47.80,-0.30,292,24942842
105/02/26,386267,48.80,49.00,47.55,49.00,1.20,208,18691833
105/03/01,2404737,49.00,53.90,49.00,53.90,4.90,1184,125896673
105/03/02,2559857,55.40,58.80,53.00,53.90,,1602,142875205
105/03/03,1048484,53.90,54.90,51.80,53.00,-0.90,711,55567104
105/03/04,805258,53.00,54.70,52.70,54.50,1.50,461,43331606
105/03/07,1489212,55.80,55.80,50.60,51.00,-3.50,862,77624146
105/03/08,1393100,51.00,51.50,48.50,49.90,-1.10,705,68970789
105/03/09,315400,49.90,49.90,49.20,49.50,-0.40,211,15633198
105/03/10,2095646,50.10,54.40,49.50,54.40,4.90,1091,112374136
105/03/11,576187,53.80,54.70,53.30,54.60,0.20,420,31155027
105/03/14,920483,55.20,57.20,54.80,54.80,0.20,593,51343423
105/03/15,563226,54.20,55.40,52.00,52.00,-2.80,385,30103064
105/03/16,1276568,52.20,57.20,52.20,57.20,5.20,832,71177688
105/03/17,2073664,58.20,60.80,55.60,55.80,-1.40,1393,120074548
105/03/18,659987,56.30,58.00,56.30,57.50,1.70,473,37703852
105/03/21,1241995,57.50,62.90,56.60,60.70,3.20,928,74920095
105/03/22,762118,61.40,61.40,59.30,60.50,-0.20,511,45959291
105/03/23,461730,60.60,61.50,59.60,60.30,-0.20,339,27980700
105/03/24,721025,60.20,60.30,57.20,57.20,-3.10,533,41818529
105/03/25,704592,57.40,60.00,57.00,58.40,1.20,430,41184794
105/03/28,277557,58.90,59.70,57.90,58.50,0.10,209,16236417
105/03/29,879133,58.40,58.40,54.00,54.20,-4.30,565,48599108
105/03/30,324418,54.60,57.00,54.60,55.90,1.70,272,18151865
105/03/31,317132,58.70,58.70,55.40,56.00,0.10,255,18018444
105/04/01,282000,55.20,56.10,55.00,55.70,-0.30,183,15605500
105/04/06,229112,55.10,55.70,54.20,55.70,,177,12563004
105/04/07,682005,59.70,59.70,56.50,56.50,0.80,538,39445385
105/04/08,310393,56.30,57.10,55.90,56.90,0.40,230,17545243
105/04/11,632680,56.90,57.00,54.00,54.00,-2.90,474,34918914
105/04/12,1155860,54.40,54.90,49.50,50.90,-3.10,779,59291380
105/04/13,411850,50.90,53.20,50.90,53.20,2.30,316,21423132
105/04/14,336210,53.50,53.50,51.60,51.90,-1.30,233,17515198
105/04/15,219000,52.50,52.50,51.50,51.90,,154,11355000
105/04/18,159018,51.80,52.90,51.60,52.90,1.00,130,8336450
105/04/19,224000,53.70,54.00,52.00,52.60,-0.30,161,11862300
105/04/20,315062,52.10,52.50,50.70,51.50,-1.10,185,16166911
105/04/21,174000,51.90,52.60,51.40,51.40,-0.10,134,9042600
105/04/22,295438,51.30,52.40,50.40,50.50,-0.90,203,15056138
105/04/25,99000,50.50,51.30,50.10,50.50,,90,5018100
105/04/26,120000,50.60,51.40,50.10,50.30,-0.20,84,6068800
105/04/27,250100,50.40,51.00,49.30,49.55,-0.75,180,12505850
105/04/28,186050,49.55,49.85,48.90,49.30,-0.25,141,9172577
105/04/29,276917,49.30,49.30,48.00,48.20,-1.10,205,13433923
105/05/03,170040,49.00,49.00,47.30,47.35,-0.85,123,8109796
105/05/04,175100,47.00,48.65,46.80,47.20,-0.15,145,8327535
105/05/05,197074,47.20,48.00,46.35,47.60,0.40,149,9255940
105/05/06,319100,48.60,49.45,47.65,49.00,1.40,261,15593950
105/05/09,492000,50.00,50.40,48.65,49.15,0.15,369,24403250
105/05/10,172000,49.00,50.20,49.00,50.00,0.85,129,8585100
105/05/11,389100,50.50,51.00,49.90,50.00,,254,19581950
105/05/12,219240,50.00,50.30,49.00,49.00,-1.00,159,10876110
105/05/13,145787,48.45,49.10,48.10,49.10,0.10,114,7085487
105/05/16,221601,54.00,54.00,54.00,54.00,4.90,146,11966454
105/05/17,1863276,57.50,58.60,56.50,57.00,3.00,1260,106915118
105/05/18,772360,57.00,58.30,56.50,57.00,,547,44269910
105/05/19,850397,57.30,58.20,56.90,57.20,0.20,558,48810129
105/05/20,6280178,57.60,62.90,55.40,56.20,-1.00,3929,376868455
105/05/23,1793260,56.50,58.00,55.50,58.00,1.80,1228,102156202
105/05/24,1758592,57.80,60.90,57.00,60.00,2.00,1246,103922020
105/05/25,4259824,61.00,65.60,60.50,65.50,5.50,2948,271565468
105/05/26,3195003,66.60,69.50,65.70,68.00,2.50,2335,216240804
105/05/27,1767905,67.40,69.60,66.70,69.60,1.60,1194,120334424
105/05/30,1824556,71.00,72.80,70.30,70.40,0.80,1371,129908620
105/05/31,1081268,70.80,71.80,69.80,71.80,1.40,842,76851533
105/06/01,883951,72.00,72.50,70.60,71.20,-0.60,618,63330628
105/06/02,2030468,71.70,75.80,70.40,70.40,-0.80,1464,147703506
105/06/03,1291794,71.60,73.00,70.30,73.00,2.60,972,92840941
105/06/04,3121639,74.20,78.70,74.20,76.50,3.50,2361,239057181
105/06/06,1341350,76.00,77.00,73.50,74.60,-1.90,1000,100600611
105/06/07,3841398,78.00,80.50,76.10,78.80,4.20,2752,301063259
105/06/08,1657320,78.60,78.80,76.50,78.50,-0.30,1170,128945555
105/06/13,1143272,77.00,78.50,75.20,77.50,-1.00,814,88095333
105/06/14,1667150,77.50,79.80,76.60,77.00,-0.50,1270,130373278
105/06/15,1286626,77.10,77.40,75.50,75.90,-1.10,870,97982662
105/06/16,992345,75.60,76.70,74.70,75.60,-0.30,667,75026244
105/06/17,1720896,75.60,78.70,75.60,77.00,1.40,1234,133445592
105/06/20,2798346,77.00,81.50,77.00,80.00,3.00,1790,223148880
105/06/21,1835200,79.40,80.40,78.80,80.00,,1072,146279340
105/06/22,1874456,80.00,80.00,76.10,76.10,-3.90,1321,145005892
105/06/23,691257,76.30,76.90,75.70,75.80,-0.30,461,52662750
105/06/24,2423800,75.60,76.80,69.00,71.50,-4.30,1421,176287579
105/06/27,1322100,70.90,74.50,70.90,74.20,2.70,827,97025700
105/06/28,688000,73.30,75.20,73.00,73.70,-0.50,442,50899699
105/06/29,763264,73.80,74.60,72.60,72.60,-1.10,449,56284885
105/06/30,983358,72.90,73.00,71.20,71.20,-1.40,678,70468187
105/07/01,829463,71.40,73.40,71.40,71.60,0.40,623,59882064
105/07/04,1099210,71.60,71.80,69.60,70.40,-1.20,738,77272238
105/07/05,1094228,70.30,73.20,69.20,72.00,1.60,756,78243616
105/07/06,760000,72.00,72.00,70.00,70.40,-1.60,509,53529900
105/07/07,1634512,68.70,68.70,65.70,66.10,-4.30,1163,109478243
105/07/11,1114475,66.20,68.50,65.60,66.80,0.70,654,74841928
105/07/12,679200,67.00,68.30,66.60,67.70,0.90,430,45955280
105/07/13,574180,67.80,68.40,67.10,68.10,0.40,339,39000540
105/07/14,785150,68.30,71.30,67.50,70.20,2.10,625,55076670
105/07/15,616100,70.90,72.20,70.10,71.00,0.80,470,44017969
105/07/18,386458,71.70,72.50,70.70,71.10,0.10,347,27634376
105/07/19,586250,71.30,72.70,70.60,71.90,0.80,443,42114175
105/07/20,394588,72.00,73.10,71.90,72.00,0.10,356,28535899
105/07/21,430204,72.70,73.80,71.30,71.30,-0.70,366,31165423
105/07/22,244218,71.20,71.20,70.10,70.30,-1.00,214,17212447
105/07/25,486100,70.90,71.10,68.00,69.40,-0.90,370,33641228
105/07/26,2466161,69.40,76.30,69.40,76.30,6.90,1572,182781882
105/07/27,1709081,77.80,79.00,74.80,75.00,-1.30,1314,131229538
105/07/28,2010044,75.00,79.40,74.60,77.30,2.30,1559,156082177
105/07/29,3346120,79.00,83.10,78.60,81.40,4.10,2562,271401591
105/08/01,1271253,81.40,82.90,80.30,81.60,0.20,945,103369414
105/08/02,852533,81.90,82.80,81.10,81.30,-0.30,658,69637477
105/08/03,2432998,81.70,84.50,77.20,79.00,-2.30,1932,197841942
105/08/04,911586,79.00,80.30,77.80,78.00,-1.00,758,71846408
105/08/05,710090,79.00,79.00,76.80,78.50,0.50,592,55337565
105/08/08,2065632,84.10,84.20,79.50,80.50,2.00,1496,169082384
105/08/09,1001250,81.00,81.40,77.80,80.30,-0.20,745,79845250
105/08/10,758438,79.20,81.50,79.20,80.30,,626,61034071
105/08/11,1008300,80.80,81.80,78.10,79.70,-0.60,750,80501849
105/08/12,944069,80.10,80.30,77.90,78.90,-0.80,697,74349244
105/08/15,1031482,78.90,80.90,78.90,80.70,1.80,745,82575651
105/08/16,848874,81.20,81.20,78.90,79.40,-1.30,605,67568393
105/08/17,1019221,79.70,79.70,77.30,78.80,-0.60,729,79976287
105/08/18,1536901,76.80,78.30,76.00,77.10,X,1104,118711677
105/08/19,698835,77.50,78.30,76.80,77.00,-0.10,518,54097261
105/08/22,749350,77.00,77.00,74.70,74.80,-2.20,557,56564374
105/08/23,699123,73.70,76.20,73.40,75.90,1.10,524,52252573
105/08/24,569000,76.00,76.90,75.30,75.40,-0.50,439,43255800
105/08/25,373050,75.60,76.00,75.20,75.20,-0.20,298,28165969
105/08/26,678400,75.30,75.70,74.20,75.30,0.10,554,50715520
105/08/29,606200,75.50,76.50,74.90,76.20,0.90,518,46013300
105/08/30,1878500,77.00,79.90,76.90,77.10,0.90,1362,147057200
105/08/31,727050,77.00,77.10,75.10,75.10,-2.00,580,55099074
105/09/01,907181,75.20,75.40,73.30,73.30,-1.80,687,67108694
105/09/02,1754059,73.30,73.60,68.50,69.00,-4.30,1352,123375405
105/09/05,647250,70.00,71.90,69.40,71.90,2.90,510,45882575
105/09/06,354250,71.50,72.50,71.30,72.00,0.10,297,25426800
105/09/07,654200,72.30,74.40,72.30,73.00,1.00,540,48161400
105/09/08,416000,72.00,73.50,71.70,72.90,-0.10,335,30167400
105/09/09,408051,73.00,73.00,71.60,71.80,-1.10,310,29454861
105/09/10,355000,70.70,71.40,70.30,71.00,-0.80,258,25131000
105/09/12,272151,71.70,71.70,70.30,70.50,-0.50,209,19239344
105/09/13,343154,70.70,71.50,69.70,69.90,-0.60,262,24133764
105/09/14,314249,69.90,70.40,68.50,69.00,-0.90,271,21725155
105/09/19,228000,69.50,70.50,69.50,69.90,0.90,203,15988700
105/09/20,239304,70.40,70.80,68.90,69.30,-0.60,201,16696167
105/09/21,189300,69.50,69.80,69.00,69.30,,159,13129669
105/09/22,216000,69.90,70.70,69.30,69.40,0.10,197,15085400
105/09/23,329596,69.60,70.40,68.80,69.30,-0.10,252,22922502
105/09/26,146760,69.40,70.00,69.10,69.90,0.60,127,10213552
105/09/29,233052,70.70,70.70,69.10,69.20,-0.70,198,16239774
105/09/30,272211,69.50,69.80,68.40,69.80,0.60,247,18832263
105/10/03,259330,69.90,70.50,69.60,69.80,,213,18136632
105/10/04,911050,70.60,73.30,70.60,70.70,0.90,767,65622235
105/10/05,236254,70.70,71.00,70.00,70.10,-0.60,206,16635303
105/10/06,152300,70.40,70.60,69.80,70.10,,136,10676169
105/10/07,1421991,69.50,69.50,66.80,67.80,-2.30,1041,96046987
105/10/11,907611,68.40,68.40,62.90,64.30,-3.50,701,58657652
105/10/12,440200,63.70,64.00,62.50,63.40,-0.90,354,27806379
105/10/13,670662,63.40,64.00,61.10,61.50,-1.90,487,41482948
105/10/14,949221,60.90,61.00,58.30,58.80,-2.70,665,56737139
105/10/17,418529,59.00,60.80,59.00,60.30,1.50,373,25065540
105/10/18,178305,60.80,61.00,59.70,60.00,-0.30,154,10718639
105/10/19,210509,60.80,61.20,60.00,60.30,0.30,164,12729738
105/10/20,123300,60.20,60.30,59.80,60.20,-0.10,107,7404459
105/10/21,174000,60.20,60.70,59.90,60.00,-0.20,161,10478800
105/10/24,163010,60.50,60.70,60.00,60.20,0.20,135,9818104
105/10/25,301583,61.00,61.00,59.40,60.10,-0.10,226,18090104
105/10/26,114410,60.10,60.50,60.00,60.00,-0.10,105,6881763
105/10/27,393024,60.30,60.50,58.10,58.50,-1.50,334,23105116
105/10/28,618190,58.20,58.80,56.50,56.90,-1.60,502,35435686
105/10/31,147296,57.20,57.50,56.60,57.00,0.10,127,8416472
105/11/01,291381,57.00,59.60,56.70,58.90,1.90,268,17060363
105/11/02,203000,58.20,58.40,57.00,57.00,-1.90,189,11680200
105/11/03,2291205,57.00,57.50,51.30,51.50,-5.50,1462,119909419
105/11/04,459150,52.00,53.50,51.00,53.20,1.70,374,24030010
105/11/07,2024794,50.40,51.00,47.90,47.90,-5.30,1448,99218832
105/11/08,1323100,47.50,48.45,46.40,47.40,-0.50,1004,62710729
105/11/09,1008000,47.95,48.90,47.20,47.25,-0.15,727,48133400
105/11/10,863356,49.40,51.50,48.60,50.60,3.35,653,43191919
105/11/11,1997300,54.00,54.60,51.90,52.80,2.20,1405,106024900
105/11/14,1464624,53.30,55.80,51.50,55.50,2.70,1121,79298044
105/11/15,1019051,54.60,56.60,54.60,55.30,-0.20,755,56770030
105/11/16,857050,56.00,56.10,54.80,54.90,-0.40,628,47482255
105/11/17,1661150,55.80,57.50,55.30,56.00,1.10,1166,93347444
105/11/18,2880155,56.60,61.00,56.30,59.50,3.50,2086,168464021
105/11/21,2509640,60.10,62.80,60.10,62.40,2.90,1810,154554236
105/11/22,1852700,64.00,64.00,61.50,61.70,-0.70,1316,115944660
105/11/23,1021320,62.20,62.60,60.90,61.20,-0.50,764,63033676
105/11/24,791020,61.30,62.50,61.30,61.80,0.60,607,48998242
105/11/25,1372320,62.00,63.80,62.00,62.30,0.50,1070,86306428
105/11/28,2418781,63.40,66.80,63.00,64.90,2.60,1715,157541565
105/11/29,1023050,65.00,65.50,64.30,65.40,0.50,770,66444900
105/11/30,1186500,66.00,66.40,64.70,65.40,,840,77485300
105/12/01,867150,65.60,65.90,64.10,65.10,-0.30,684,56181255
105/12/02,1306030,64.50,64.50,62.00,62.40,-2.70,975,82669384
105/12/05,666101,62.60,63.30,62.00,62.70,0.30,510,41698283
105/12/06,768000,63.60,64.40,62.60,62.60,-0.10,617,48713600
105/12/07,1398050,63.00,65.30,62.80,64.80,2.20,1113,90097040
105/12/08,2020050,65.90,67.00,63.70,63.70,-1.10,1448,132110850
105/12/09,1167620,63.20,63.40,62.00,62.40,-1.30,893,73176400
105/12/12,2733254,59.40,59.50,57.00,57.30,-5.10,1842,158384254
105/12/13,1164050,57.00,58.80,56.00,58.80,1.50,882,67139515
105/12/14,1442000,59.20,60.80,58.90,59.80,1.00,1018,86359700
105/12/15,581150,60.00,60.60,59.00,60.00,0.20,418,34819885
105/12/16,441025,59.80,60.70,59.60,59.80,-0.20,333,26442602
105/12/19,631350,60.20,60.40,58.30,58.70,-1.10,436,37211944
105/12/20,346050,58.50,59.40,58.30,59.40,0.70,257,20421740
105/12/21,878000,61.20,61.30,59.50,59.70,0.30,638,53000600
105/12/22,334000,59.70,59.70,58.40,58.70,-1.00,248,19723700
105/12/23,249000,58.50,59.40,58.50,58.60,-0.10,175,14646900
105/12/26,149000,58.70,59.10,58.60,58.70,0.10,117,8761700
105/12/27,342771,59.20,59.20,58.50,58.50,-0.20,224,20140894
105/12/28,512229,58.20,59.20,58.20,58.60,0.10,322,30000250
105/12/29,256248,58.90,59.10,58.20,58.20,-0.40,203,14989432
105/12/30,723000,58.40,59.20,57.50,58.60,0.40,486,42194900
106/01/03,2029308,59.60,61.60,59.10,60.60,2.00,1377,123027634
106/01/04,613100,60.50,60.80,59.90,60.10,-0.50,477,36940519
106/01/05,599101,60.40,61.10,60.20,60.80,0.70,424,36277440
106/01/06,619128,61.10,61.30,60.10,60.10,-0.70,424,37454691
106/01/09,1763356,62.00,62.60,60.90,61.20,1.10,1250,108940687
106/01/10,734100,61.50,61.90,60.40,61.70,0.50,513,44887770
106/01/11,5845249,64.20,67.00,64.00,67.00,5.30,3721,381708551
106/01/12,2579450,67.00,68.00,66.30,67.50,0.50,1689,173506283
106/01/13,3324711,67.10,70.10,66.80,69.70,2.20,2206,230003854
106/01/16,2039250,70.40,71.40,69.40,69.60,-0.10,1434,143272100
106/01/17,1463935,69.30,70.60,68.30,70.00,0.40,1100,101555455
106/01/18,2743098,70.60,72.20,70.10,71.40,1.40,1870,195720597
106/01/19,1407334,71.00,71.60,69.70,69.70,-1.70,989,99248778
106/01/20,870155,69.80,70.40,69.00,69.50,-0.20,562,60732509
106/01/23,744200,70.00,70.10,68.90,69.30,-0.20,506,51737360
106/01/24,831060,69.80,70.80,69.20,70.00,0.70,599,58136900
106/02/02,910135,70.50,70.80,68.00,68.60,-1.40,680,63164100
106/02/03,1040120,68.00,69.40,67.40,69.30,0.70,777,71192016
106/02/06,2446349,63.50,64.30,62.40,62.40,-6.90,1419,153568111
106/02/07,2197150,61.10,63.40,60.60,62.80,0.40,1307,136129250
106/02/08,962070,63.30,63.30,62.00,62.30,-0.50,620,60273531
106/02/09,897000,62.50,62.70,61.50,61.80,-0.50,593,55606600
106/02/10,953050,61.90,63.20,61.50,61.80,,577,59317604
106/02/13,908010,62.10,63.40,61.90,63.40,1.60,660,57130836
106/02/14,867400,63.60,64.30,62.50,62.50,-0.90,580,54743120
106/02/15,550254,62.70,63.20,62.60,62.90,0.40,389,34593776
106/02/16,662000,63.40,63.90,63.00,63.10,0.20,468,41919700
106/02/17,669500,63.50,63.60,62.40,62.50,-0.60,449,42012650
106/02/18,765101,63.00,63.00,62.00,62.10,-0.40,530,47645382
106/02/20,642808,62.50,62.60,61.60,61.80,-0.30,440,39865533
106/02/21,687505,62.00,62.20,61.00,61.20,-0.60,491,42125104
106/02/22,641045,61.60,63.20,61.50,62.50,1.30,476,40025644
106/02/23,649050,62.90,63.20,61.50,61.50,-1.00,413,40299780
106/02/24,426001,62.00,62.00,61.20,61.70,0.20,303,26259961
106/03/01,994000,61.80,61.80,59.40,59.80,-1.90,747,59951700
106/03/02,608535,60.00,60.30,59.20,59.20,-0.60,394,36356824
106/03/03,711101,59.00,60.90,58.90,60.50,1.30,440,42884980
106/03/06,687000,60.50,60.50,59.60,60.20,-0.30,357,41279100
106/03/07,967200,61.50,61.90,60.50,60.70,0.50,715,59076060
106/03/08,613000,61.00,61.10,60.20,60.70,,384,37122600
106/03/09,630305,61.00,61.50,60.40,61.30,0.60,446,38382295
106/03/10,1192500,61.00,61.10,59.30,59.50,-1.80,760,71626450
106/03/13,967101,59.10,59.60,58.10,59.10,-0.40,648,56941819
106/03/14,580062,59.20,60.20,59.20,60.10,1.00,386,34760644
106/03/15,4283071,60.70,64.00,60.50,63.50,3.40,2876,269674206
106/03/16,2390270,64.30,64.80,62.70,63.50,,1640,152372153
106/03/17,754520,64.00,64.00,63.10,63.20,-0.30,575,47820807
106/03/20,2245657,63.50,65.80,63.50,65.00,1.80,1568,146149606
106/03/21,1233384,65.30,65.70,64.30,64.90,-0.10,814,80052068
106/03/22,916789,64.00,64.40,63.00,64.30,-0.60,607,58542196
106/03/23,1428514,64.80,66.20,64.00,65.20,0.90,987,93165767
106/03/24,797681,65.30,65.30,63.90,63.90,-1.30,545,51382047
106/03/27,3038748,57.90,60.70,57.90,59.60,-4.30,1941,180796846
106/03/28,2597362,59.50,60.30,56.00,57.50,-2.10,1706,150417402
106/03/29,836054,57.30,58.20,56.90,57.30,-0.20,607,47994717
106/03/30,498650,57.40,58.20,57.40,58.10,0.80,409,28889427
106/03/31,557153,58.30,58.70,57.80,57.80,-0.30,421,32403455
106/04/05,1050236,57.80,58.30,56.90,57.50,-0.30,748,60201788
106/04/06,583351,57.60,57.70,57.10,57.20,0.30,368,33448758
106/04/07,858020,51.50,51.50,51.50,51.50,5.70,552,44188040
106/04/10,3240564,48.00,49.85,48.00,49.20,2.30,2112,158009350
106/04/11,1200316,49.60,50.40,48.60,49.30,0.10,859,59238199
106/04/12,678590,49.30,49.75,48.65,48.75,0.55,657,33247210
106/04/13,1732755,48.15,48.55,47.05,47.40,1.35,1239,82485389
106/04/14,930050,47.05,47.75,46.80,46.80,0.60,644,43917412
106/04/17,871442,46.15,47.75,46.10,47.50,0.70,617,40717896
106/04/18,459038,48.30,48.30,47.25,47.65,0.15,342,21904012
106/04/19,639065,47.80,48.80,47.55,48.35,0.70,565,30894765
106/04/20,451081,48.35,48.50,47.60,47.75,0.60,396,21602581
106/04/21,519203,47.75,48.45,47.20,47.25,0.50,410,24703241
106/04/24,735087,46.70,47.00,46.10,46.45,0.80,503,34190376
106/04/25,474154,46.80,46.85,46.10,46.50,0.05,317,22053472
106/04/26,657202,46.85,47.75,46.80,47.10,0.60,466,31105822
106/04/27,496314,47.20,48.30,47.20,48.10,1.00,408,23840452
106/04/28,576011,48.60,49.20,48.35,48.55,0.45,452,28070739
106/05/02,388583,48.55,48.70,47.60,47.80,0.75,344,18610623
106/05/03,682070,47.80,48.10,46.60,46.60,1.20,491,32092150
106/05/04,576050,46.60,48.05,46.60,47.90,1.30,396,27279840
106/05/05,292002,48.00,48.20,47.30,47.35,0.55,203,13885950
106/05/08,1095009,48.55,49.85,48.55,48.80,1.45,779,53610432
106/05/09,979268,49.60,49.95,48.00,48.15,0.65,707,48073865
106/05/10,275250,48.35,49.00,48.15,48.85,0.70,218,13395824
106/05/11,335002,49.05,49.30,48.30,48.35,0.50,233,16309898
106/05/12,218759,48.30,48.65,48.15,48.50,0.15,175,10603291
106/05/15,597262,48.00,48.30,47.50,48.00,0.50,393,28647288
106/05/16,224001,48.85,48.85,48.00,48.10,0.10,155,10829248
106/05/17,263002,48.20,48.40,47.60,47.70,0.40,206,12590548
106/05/18,516004,47.10,47.20,46.20,47.05,0.65,319,24151996
106/05/19,305161,47.05,48.40,47.05,48.05,1.00,224,14568678
106/05/22,396200,48.10,48.80,48.10,48.40,0.35,271,19222269
106/05/23,1541730,48.55,51.00,48.55,49.90,1.50,1074,77100950
106/05/24,566050,50.70,50.70,49.70,49.85,0.05,410,28330940
106/05/25,344073,49.90,49.90,49.15,49.50,0.35,285,17036370
106/05/26,310003,49.55,49.80,49.15,49.30,0.20,225,15296847
106/05/31,508000,49.40,49.40,48.60,48.60,0.70,249,24847000
106/06/01,562002,49.80,49.80,49.15,49.45,0.85,382,27826448
106/06/02,1273193,49.75,51.10,49.60,50.60,1.15,897,64351931
106/06/03,471000,50.30,50.90,50.30,50.60,,362,23844300
106/06/05,1907790,51.30,53.30,51.30,53.00,2.40,1395,100016270
106/06/06,599002,53.20,53.30,52.40,52.50,0.50,439,31551108
106/06/07,481635,47.25,47.25,47.25,47.25,5.25,329,22757250
106/06/08,3516502,43.95,44.70,43.70,44.30,2.95,2056,155398051
106/06/09,708190,44.50,44.80,44.10,44.35,0.05,508,31480500
106/06/12,803004,44.20,44.20,42.65,43.95,0.40,498,34938530
106/06/13,776000,44.35,45.40,44.10,45.40,1.45,595,34886249
106/06/14,711207,45.50,45.65,44.20,44.85,0.55,501,31845422
106/06/15,280250,44.60,45.40,44.60,45.20,0.35,209,12615150
106/06/16,262070,45.20,45.30,45.05,45.05,0.15,197,11830870
106/06/19,251315,45.10,45.20,44.80,44.85,0.20,190,11316181
106/06/20,735316,45.15,46.60,45.10,46.30,1.45,461,33663901
106/06/21,555000,46.35,47.45,46.35,47.35,1.05,413,26088100
106/06/22,318251,47.50,47.85,46.90,47.20,0.15,240,15030221
106/06/23,253406,47.20,47.40,46.60,47.00,0.20,184,11880697
106/06/26,191308,47.05,47.20,46.75,46.85,0.15,121,8983343
106/06/27,246218,46.80,46.80,46.20,46.40,0.45,182,11443965
106/06/28,326001,46.20,46.25,45.10,45.35,1.05,251,14840747
106/06/29,216002,45.40,45.70,45.15,45.30,0.05,146,9802844
106/06/30,201008,45.50,45.50,44.55,44.85,0.45,117,9032668
106/07/03,111400,44.65,45.00,44.55,44.80,0.05,81,4979550
106/07/04,218153,45.00,45.00,44.50,44.60,0.20,170,9735688
106/07/05,229050,44.60,44.65,44.30,44.60,,172,10186223
106/07/06,176614,44.60,45.45,44.60,44.90,0.30,139,7944225
106/07/07,185156,45.00,45.30,44.80,44.80,0.10,140,8321400
106/07/10,142269,44.80,45.15,44.60,44.60,0.20,118,6378836
106/07/11,384220,44.50,44.70,43.60,43.85,0.75,259,16933933
106/07/12,475109,43.85,43.85,43.10,43.20,0.65,345,20606746
106/07/13,167051,43.30,43.75,43.30,43.50,0.30,130,7274488
106/07/14,156160,43.50,44.00,43.45,43.90,0.40,127,6834363
106/07/17,97492,44.10,44.20,43.65,43.75,0.15,79,4272820
106/07/18,352600,43.70,43.70,43.15,43.30,0.45,241,15262585
106/07/19,234255,43.40,44.25,43.30,43.95,0.65,183,10268120
106/07/20,198287,44.20,44.50,44.00,44.10,0.15,144,8768906
106/07/21,89050,44.30,44.30,43.80,43.90,0.20,74,3913300
106/07/24,133050,43.70,44.10,43.55,43.95,0.05,113,5827542
106/07/25,174104,43.80,44.20,43.80,43.95,,144,7645967
106/07/26,1336131,44.15,46.50,44.10,45.90,1.95,974,61087559
106/07/27,719000,46.20,47.15,46.20,46.35,0.45,503,33577400
106/07/28,347308,46.35,46.35,45.10,45.20,1.15,283,15809911
106/07/31,196152,46.00,46.00,45.50,45.70,0.50,153,8966041
106/08/01,170322,45.75,45.90,45.20,45.35,0.35,135,7762454
106/08/02,189180,45.40,45.75,45.30,45.70,0.35,161,8603309
106/08/03,1278124,46.00,47.20,45.75,46.90,1.20,868,59623178
106/08/04,380069,47.45,47.50,46.50,46.50,0.40,281,17841369
106/08/07,636743,46.30,46.30,44.90,45.10,1.40,470,28808356
106/08/08,210407,45.35,45.40,44.85,45.05,0.05,154,9480035
106/08/09,338485,45.05,45.25,44.15,44.20,0.85,252,15062635
106/08/10,502450,44.40,44.50,43.15,43.15,1.05,324,21824188
106/08/11,479055,42.60,43.10,42.35,42.40,0.75,346,20418540
106/08/14,1646787,42.30,42.30,38.20,38.20,4.20,1072,64507060
106/08/15,598500,38.90,39.50,38.40,39.10,0.90,379,23259748
106/08/16,263120,39.00,39.60,39.00,39.40,0.30,189,10368810
106/08/17,619035,39.40,39.60,39.00,39.05,0.35,394,24328565
106/08/18,822058,39.00,39.00,38.20,38.80,0.25,470,31792527
106/08/21,1005385,34.40,34.40,33.20,33.35,X,683,33833496
106/08/22,243005,33.15,34.00,33.15,33.70,0.35,190,8180430
106/08/23,407001,33.70,33.95,33.05,33.05,0.65,288,13598336
106/08/24,296002,33.05,33.45,33.00,33.00,0.05,202,9799970
106/08/25,361001,33.05,33.75,33.05,33.40,0.40,225,12074233
106/08/28,193563,33.60,33.70,33.00,33.25,0.15,122,6460889
106/08/29,124050,33.30,33.40,33.20,33.25,,92,4131024
106/08/30,183001,33.20,33.40,33.10,33.10,0.15,132,6078584
106/08/31,151010,33.15,33.55,33.15,33.40,0.30,126,5040680
106/09/01,296665,33.50,33.70,33.30,33.30,0.10,230,9923991
106/09/04,320001,33.30,33.30,32.60,32.80,0.50,222,10494883
106/09/05,117005,32.80,33.20,32.60,33.00,0.20,93,3849215
106/09/06,158003,33.00,33.15,32.70,32.80,0.20,124,5193652
106/09/07,802450,32.80,32.80,30.85,31.10,1.70,553,25410263
106/09/08,629000,31.10,32.00,30.60,31.65,0.55,427,19531250
106/09/11,194003,32.00,32.00,31.40,31.55,0.10,129,6138952
106/09/12,1008002,31.60,33.80,31.60,33.55,2.00,713,33342616
106/09/13,471182,33.80,34.20,33.00,33.20,0.35,315,15795177
106/09/14,247000,34.00,34.00,33.20,33.35,0.15,149,8264150
106/09/15,175100,33.35,33.60,32.90,33.10,0.25,108,5796700
106/09/18,189070,33.15,33.25,32.80,32.80,0.30,118,6232380
106/09/19,715000,32.90,34.30,32.90,33.40,0.60,519,24244550
106/09/20,183001,33.30,33.70,33.30,33.50,0.10,114,6120784
106/09/21,180019,33.25,33.75,33.25,33.55,0.05,147,6037977
106/09/22,556126,33.80,34.40,33.30,33.40,0.15,370,18862738
106/09/25,674018,33.50,33.55,31.05,31.20,2.20,426,21437498
106/09/26,192000,31.20,31.85,31.15,31.35,0.15,146,6026500
106/09/27,383000,31.75,31.75,30.60,30.90,0.45,234,11898850
106/09/28,252000,31.05,31.25,30.60,30.75,0.15,182,7767950
106/09/29,224001,30.80,30.80,30.15,30.45,0.30,182,6814832
106/09/30,148206,30.00,30.95,30.00,30.80,0.35,116,4532992
106/10/02,409041,30.95,32.15,30.95,32.00,1.20,305,12992085
106/10/03,927006,32.00,34.40,31.85,33.65,1.65,723,31159410
106/10/05,390062,34.15,34.20,33.45,33.50,0.15,265,13189651
106/10/06,169266,33.80,33.80,32.80,33.05,0.45,143,5603210
106/10/11,427387,34.55,35.00,33.80,33.85,0.80,332,14612745
106/10/12,132422,33.90,34.00,33.25,33.30,0.55,116,4432170
106/10/13,100001,33.30,33.55,33.05,33.20,0.10,74,3324484
106/10/16,124034,33.20,33.35,33.10,33.10,0.10,74,4114589
106/10/17,98010,33.10,33.35,33.10,33.10,,73,3250295
106/10/18,146001,33.15,33.15,32.55,32.70,0.40,91,4791836
106/10/19,161178,32.90,32.90,32.50,32.70,,97,5271227
106/10/20,88021,32.50,32.90,32.30,32.60,0.10,63,2869474
106/10/23,97050,32.70,33.00,32.70,32.70,0.10,69,3187870
106/10/24,95001,32.70,32.80,32.55,32.70,,60,3105383
106/10/25,339220,33.00,33.80,32.90,33.50,0.80,259,11366318
106/10/26,483101,33.80,34.30,33.65,34.10,0.60,330,16440785
106/10/27,435253,34.65,34.70,33.10,33.10,1.00,308,14728876
106/10/30,170000,33.65,33.65,32.00,32.35,0.75,136,5514600
106/10/31,124000,32.20,32.50,32.10,32.15,0.20,88,3994250
106/11/01,220151,32.45,32.45,31.80,31.95,0.20,150,7038406
106/11/02,89000,31.95,32.45,31.95,32.45,0.50,77,2862100
106/11/03,50052,32.40,32.40,32.10,32.20,0.25,44,1614339
106/11/06,96101,32.45,32.80,32.10,32.55,0.35,90,3114834
106/11/07,642577,31.80,31.85,31.10,31.30,1.25,405,20105133
106/11/08,223002,31.30,31.90,31.10,31.50,0.20,181,6995918
106/11/09,220051,31.50,31.90,30.85,31.60,0.10,162,6928875
106/11/10,471011,31.60,33.50,31.50,33.35,1.75,344,15423318
106/11/13,417293,33.80,33.80,32.50,32.95,0.40,299,13822538
106/11/14,248001,32.70,33.55,32.70,33.15,0.20,185,8246834
106/11/15,275030,33.50,33.65,33.15,33.40,0.25,167,9159997
106/11/16,1621077,33.55,36.70,33.55,36.70,3.30,984,58714275
106/11/17,5167977,37.90,40.35,37.90,40.35,3.65,3117,203268363
106/11/20,2872268,40.70,42.50,38.70,39.85,0.50,1916,115603161
106/11/21,1373568,40.00,40.00,37.90,38.75,1.10,974,52927953
106/11/22,1536872,38.95,40.60,38.10,40.60,1.85,982,60340545
106/11/23,1228060,41.45,41.75,40.00,40.00,0.60,858,50094750
106/11/24,408001,40.00,40.45,38.95,39.10,0.90,316,16047439
106/11/27,975485,39.30,41.30,39.00,39.15,0.05,667,39164886
106/11/28,203046,39.20,39.90,39.10,39.20,0.05,180,7996801
106/11/29,465467,39.50,40.00,39.00,39.05,0.15,358,18363235
106/11/30,499250,38.85,38.85,37.35,37.40,1.65,366,18979850
106/12/01,589021,37.55,38.90,36.00,37.80,0.40,464,22234461
106/12/04,303041,38.10,38.60,37.10,37.10,0.70,198,11462385
106/12/05,235002,37.10,37.20,35.50,35.60,1.50,191,8528530
106/12/06,384500,35.60,36.00,34.10,34.15,1.45,298,13391098
106/12/07,393080,35.90,36.20,35.00,35.15,1.00,318,13935810
106/12/08,171006,35.20,35.50,34.30,35.25,0.10,145,6003513
106/12/11,238000,35.55,35.85,35.10,35.85,0.60,152,8437950
106/12/12,170100,36.10,36.30,35.30,35.50,0.35,115,6085116
106/12/13,99988,35.60,35.80,35.50,35.50,,83,3559425
106/12/14,502071,35.80,37.80,35.80,36.55,1.05,370,18584419
106/12/15,1202615,37.80,39.45,36.70,39.45,2.90,862,45965085
106/12/18,1198944,40.00,40.95,38.90,39.60,0.15,909,47954896
106/12/19,530112,39.60,39.95,38.00,38.40,1.20,350,20465388
106/12/20,1084460,42.10,42.10,39.40,39.55,1.15,882,43708489
106/12/21,192009,39.55,39.65,39.00,39.35,0.20,138,7564201
106/12/22,400241,39.35,39.45,37.85,38.60,0.75,278,15400286
106/12/25,106013,38.90,39.10,38.60,38.60,,94,4108144
106/12/26,175003,38.60,39.30,37.60,37.75,0.85,147,6675164
106/12/27,169050,38.10,38.70,38.00,38.30,0.55,118,6493024
106/12/28,572700,38.30,40.05,38.30,39.55,1.25,384,22619107
106/12/29,221013,39.95,40.50,39.15,39.45,0.10,171,8766959
107/01/02,115126,39.45,39.45,39.05,39.35,0.10,91,4513957
107/01/03,187026,39.50,40.00,39.25,39.25,0.10,136,7381226
107/01/04,317747,39.30,40.30,39.25,39.90,0.65,240,12646365
107/01/05,1342582,40.20,41.70,39.75,41.05,1.15,761,54989338
107/01/08,1197915,39.10,39.10,37.50,37.55,3.50,812,45603425
107/01/09,201469,37.35,38.00,37.35,37.40,0.15,156,7577254
107/01/10,150001,37.50,37.50,36.65,36.75,0.65,103,5529587
107/01/11,150150,36.75,37.00,36.25,36.50,0.25,116,5465924
107/01/12,102050,36.85,37.10,36.50,36.85,0.35,92,3748736
107/01/15,80261,37.20,37.20,36.50,36.50,0.35,67,2949715
107/01/16,99104,36.80,37.00,36.55,36.90,0.40,81,3646973
107/01/17,153100,36.60,36.70,36.30,36.40,0.50,130,5578326
107/01/18,190101,36.85,36.90,36.30,36.35,0.05,141,6927268
107/01/19,150152,36.50,36.50,35.80,35.95,0.40,121,5422697
107/01/22,78232,36.50,36.50,35.90,36.05,0.10,92,2819732
107/01/23,102085,36.05,36.20,35.70,35.70,0.35,106,3667471
107/01/24,70061,35.70,36.05,35.65,35.65,0.05,113,2503498
107/01/25,139560,35.75,35.75,35.10,35.50,0.15,133,4953259
107/01/26,146251,35.50,35.50,35.15,35.40,0.10,113,5167186
107/01/29,39050,35.50,35.90,35.50,35.65,0.25,48,1394919
107/01/30,50050,35.65,35.95,35.50,35.50,0.15,51,1786677
107/01/31,16008,35.50,35.50,35.20,35.50,,21,566612
107/02/01,58011,35.60,35.60,35.20,35.20,0.30,58,2045229
107/02/02,69060,35.20,35.20,34.60,34.60,0.60,71,2406610
107/02/05,112041,34.00,34.00,33.25,33.40,1.20,126,3750108
107/02/06,643020,32.30,32.30,30.10,30.35,3.05,349,19867120
107/02/07,268033,31.00,31.65,30.95,31.40,1.05,190,8417339
107/02/08,98490,32.00,32.00,31.00,31.05,0.35,81,3076930
107/02/09,288021,28.10,30.70,28.10,30.30,0.75,190,8370064
107/02/12,108030,30.75,31.10,30.55,30.85,0.55,118,3327690
107/02/21,83967,31.35,32.05,31.35,32.00,1.15,106,2668818
107/02/22,100110,32.00,33.00,31.85,32.55,0.55,95,3261805
107/02/23,131273,32.55,33.15,32.55,33.00,0.45,96,4323283
107/02/26,63078,33.30,33.40,32.70,32.90,0.10,121,2083524
107/02/27,104050,32.90,32.95,32.50,32.70,0.20,96,3407766
107/03/01,42127,32.15,32.95,32.15,32.55,0.15,63,1377051
107/03/02,54014,32.55,32.55,31.70,32.10,0.45,64,1733926
107/03/05,122024,31.70,32.60,31.45,31.50,0.60,120,3884316
107/03/06,86032,31.70,31.95,31.65,31.80,0.30,94,2728438
107/03/07,159166,31.50,32.75,31.30,32.55,0.75,145,5138041
107/03/08,103200,32.55,33.55,32.55,33.05,0.50,87,3414574
107/03/09,57167,33.65,33.65,33.10,33.30,0.25,64,1906751
107/03/12,76049,33.50,33.80,33.05,33.05,0.25,110,2545867
107/03/13,64032,32.50,33.45,32.50,33.20,0.15,87,2115571
107/03/14,64043,33.20,33.60,33.00,33.30,0.10,97,2130199
107/03/15,91056,33.40,33.60,33.40,33.60,0.30,120,3051319
107/03/16,199669,33.70,34.60,33.70,34.00,0.40,178,6789834
107/03/19,41305,34.20,34.35,34.00,34.00,,117,1408070
107/03/20,34050,33.90,33.90,33.45,33.50,0.50,83,1143600
107/03/21,55053,33.50,33.80,33.20,33.30,0.20,99,1840808
107/03/22,119150,33.80,33.80,33.35,33.40,0.10,87,3993536
107/03/23,97050,33.35,33.35,32.70,33.15,0.25,88,3204259
107/03/26,0,--,--,--,--,,0,0
107/03/27,75004,36.45,36.45,36.45,36.45,X,57,2733895
107/03/28,66000,40.05,40.05,40.05,40.05,3.60,38,2643300
107/03/29,75611,44.05,44.05,44.05,44.05,4.00,63,3330664
107/03/30,482349,48.45,48.45,48.45,48.45,4.40,279,23369807
107/03/31,7066033,50.10,50.20,49.95,50.00,1.55,3077,353779700
107/04/02,2480382,50.00,50.00,49.30,49.35,0.65,1128,123131260
107/04/03,772048,49.35,49.50,49.35,49.50,0.15,464,38176051
107/04/09,679082,49.50,49.50,49.25,49.25,0.25,465,33516205
107/04/10,822640,49.25,49.30,49.10,49.15,0.10,411,40483445
107/04/11,421275,49.20,49.35,49.20,49.30,0.15,210,20747166
107/04/12,309737,49.30,49.35,49.25,49.30,,171,15264670
107/04/13,346217,49.30,49.30,49.15,49.20,0.10,207,17034009
107/04/16,462150,49.20,49.25,49.15,49.25,0.05,279,22735965
107/04/17,298050,49.30,49.45,49.25,49.35,0.10,207,14715804
107/04/18,467512,49.40,49.55,49.40,49.50,0.15,252,23144326
107/04/19,252300,49.50,49.60,49.50,49.55,0.05,216,12501914
107/04/20,314517,49.55,49.65,49.55,49.55,,174,15599781
107/04/23,380007,49.60,49.65,49.55,49.60,0.05,193,18838343
107/04/24,822184,49.60,49.70,49.60,49.60,,308,40807923
107/04/25,1098091,49.65,49.65,49.45,49.55,0.05,366,54394496
107/04/26,432306,49.55,49.65,49.50,49.55,,195,21429411
107/04/27,320576,49.60,49.75,49.60,49.70,0.15,191,15927096
107/04/30,206013,49.75,49.95,49.75,49.90,0.20,151,10270350
107/05/02,440454,49.90,50.00,49.85,49.90,,173,21988674
107/05/03,458487,50.00,50.10,49.95,50.10,0.20,206,22930200
107/05/04,715510,50.10,50.30,50.10,50.20,0.10,196,35901897
107/05/07,418101,50.20,50.40,50.20,50.30,0.10,168,21022479
107/05/08,408104,50.30,50.40,50.20,50.30,,206,20530229
107/05/09,228602,50.40,50.50,50.30,50.50,0.20,150,11522580
107/05/10,219101,50.60,50.80,50.60,50.70,0.20,145,11108399
107/05/11,288383,50.80,51.00,50.70,50.90,0.20,169,14672512
107/05/14,991290,50.90,51.10,50.90,50.90,,288,50531858
107/05/15,518152,50.90,50.90,50.60,50.60,0.30,250,26294391
107/05/16,103060,50.70,50.80,50.60,50.70,0.10,82,5225040
107/05/17,179050,50.70,50.80,50.60,50.70,,133,9075933
107/05/18,218764,50.80,50.80,50.60,50.70,,127,11085928
107/05/21,273100,50.90,50.90,50.60,50.60,0.10,121,13838549
107/05/22,98000,50.70,50.70,50.60,50.60,,53,4960100
107/05/23,162000,50.60,50.70,50.60,50.60,,97,8198299
107/05/24,1522001,50.60,50.70,48.80,49.55,1.05,548,76042149
107/05/25,348001,49.80,49.85,49.35,49.80,0.25,177,17253100
107/05/28,168103,49.80,49.80,49.55,49.60,0.20,114,8343336
107/05/29,66002,49.65,49.80,49.65,49.80,0.20,44,3283800
107/05/30,218792,49.85,49.90,49.75,49.80,,112,10896882
107/05/31,276100,49.85,49.90,49.75,49.80,,122,13758872
107/06/01,142501,49.80,49.85,49.75,49.80,,91,7094274
107/06/04,188002,49.80,50.10,49.75,50.10,0.30,130,9376950
107/06/05,141038,50.10,50.10,49.80,49.80,0.30,104,7029886
107/06/06,240000,49.85,49.95,49.80,49.80,,100,11964150
107/06/07,183003,49.90,50.10,49.90,49.95,0.15,100,9138597
107/06/08,267000,50.00,50.00,49.95,50.00,0.05,102,13347650
107/06/11,270050,50.10,50.50,50.10,50.40,0.40,127,13599904
107/06/12,369101,50.50,50.80,50.30,50.70,0.30,184,18649490
107/06/13,597019,50.70,51.10,50.70,51.10,0.40,241,30431463
107/06/14,802097,51.10,51.60,51.10,51.50,0.40,365,41291266
107/06/15,456501,51.60,51.70,51.40,51.60,0.10,224,23519901
107/06/19,528009,51.60,51.70,51.50,51.60,,195,27241260
107/06/20,262151,51.70,51.70,51.60,51.60,,160,13539390
107/06/21,395009,51.70,51.80,51.60,51.70,0.10,139,20421661
107/06/22,1300000,51.80,52.30,51.80,52.30,0.60,433,67740396
107/06/25,1598331,52.50,52.80,52.40,52.60,0.30,462,84040141
107/06/26,296310,52.60,52.70,52.60,52.60,,142,15602941
107/06/27,349387,52.70,52.90,52.70,52.80,0.20,160,18440091
107/06/28,521010,52.90,52.90,52.70,52.80,,217,27514024
107/06/29,199009,52.80,52.90,52.80,52.80,,109,10509268
107/07/02,139002,52.80,52.80,52.70,52.80,,69,7334204
107/07/03,170001,52.80,52.90,52.70,52.80,,101,8968052
107/07/04,136005,52.90,52.90,52.70,52.70,0.10,58,7168360
107/07/05,180101,52.70,52.80,52.70,52.80,0.10,83,9507505
107/07/06,125012,52.90,52.90,52.80,52.80,,64,6605932
107/07/09,169102,52.80,52.90,52.70,52.70,0.10,81,8930954
107/07/10,58001,52.80,52.80,52.70,52.80,0.10,36,3059952
107/07/11,167559,52.80,52.90,52.80,52.90,0.10,75,8862256
107/07/12,160251,53.40,53.40,52.90,53.00,0.10,110,8506927
107/07/13,1096985,53.50,53.80,53.50,53.50,0.50,443,58790588
107/07/16,420243,53.60,53.70,53.50,53.50,,139,22517499
107/07/17,448201,53.60,53.80,53.60,53.60,0.10,120,24056873
107/07/18,153770,53.60,53.70,53.60,53.70,0.10,100,8253939
107/07/19,136209,53.70,53.80,53.70,53.80,0.10,74,7324137
107/07/20,200077,53.80,53.90,53.80,53.80,,81,10764439
107/07/23,153264,53.80,53.80,53.70,53.80,,124,8238435
107/07/24,261255,53.80,53.90,53.80,53.90,0.10,99,14073814
107/07/25,246304,53.90,53.90,53.80,53.80,0.10,71,13252554
107/07/26,324407,53.80,53.80,53.60,53.70,0.10,136,17413953
107/07/27,146355,53.70,53.80,53.60,53.60,0.10,93,7859425
107/07/30,138203,53.70,53.80,53.60,53.80,0.20,69,7414780
107/07/31,139407,53.80,53.90,53.80,53.90,0.10,72,7503554
107/08/01,124000,53.80,53.90,53.80,53.90,,57,6671500
107/08/02,447252,53.80,53.90,53.80,53.80,0.10,100,24063057
107/08/03,475611,53.90,53.90,53.90,53.90,0.10,95,25635370
107/08/06,1013335,53.90,54.00,53.80,53.80,0.10,204,54632816
107/08/07,369002,53.90,53.90,53.80,53.80,,82,19884006
107/08/08,151095,53.80,53.90,53.80,53.80,,86,8131011
107/08/09,227020,53.80,54.00,53.80,53.90,0.10,119,12236480
107/08/10,290181,53.90,54.00,53.90,54.00,0.10,113,15666474
107/08/13,282366,54.00,54.20,54.00,54.10,0.10,149,15272599
107/08/14,116276,54.20,54.20,54.10,54.10,,59,6290604
107/08/15,285256,54.10,54.30,54.10,54.20,0.10,96,15459648
107/08/16,303319,54.30,54.30,54.20,54.30,0.10,72,16469189
107/08/17,113307,54.30,54.40,54.20,54.30,,72,6153238
107/08/20,186873,54.30,54.40,54.20,54.30,,94,10145901
107/08/21,287061,54.30,54.30,54.20,54.30,,97,15584105
107/08/22,360553,54.20,54.30,54.20,54.20,0.10,127,19542872
107/08/23,516002,54.60,54.80,54.60,54.70,0.50,133,28213110
